sample_index,sample_path,target,prob_1,argmax_prediction,threshold_prediction
0,/data/wyb/pneumoniamnist_imagefolder_subset/val/0/00003.png,0,0.4687192738056183,0,0
1,/data/wyb/pneumoniamnist_imagefolder_subset/val/0/00007.png,0,0.5520673990249634,1,1
2,/data/wyb/pneumoniamnist_imagefolder_subset/val/0/00011.png,0,0.5039852857589722,1,1
3,/data/wyb/pneumoniamnist_imagefolder_subset/val/0/00014.png,0,0.6728198528289795,1,1
4,/data/wyb/pneumoniamnist_imagefolder_subset/val/0/00022.png,0,0.603768527507782,1,1
5,/data/wyb/pneumoniamnist_imagefolder_subset/val/0/00028.png,0,0.483573317527771,0,0
6,/data/wyb/pneumoniamnist_imagefolder_subset/val/0/00030.png,0,0.5178388953208923,1,1
7,/data/wyb/pneumoniamnist_imagefolder_subset/val/0/00031.png,0,0.5801368355751038,1,1
8,/data/wyb/pneumoniamnist_imagefolder_subset/val/0/00033.png,0,0.5763514041900635,1,1
9,/data/wyb/pneumoniamnist_imagefolder_subset/val/0/00035.png,0,0.4984244406223297,0,0
10,/data/wyb/pneumoniamnist_imagefolder_subset/val/0/00037.png,0,0.5879203677177429,1,1
11,/data/wyb/pneumoniamnist_imagefolder_subset/val/0/00038.png,0,0.531086802482605,1,1
12,/data/wyb/pneumoniamnist_imagefolder_subset/val/0/00040.png,0,0.4848441481590271,0,0
13,/data/wyb/pneumoniamnist_imagefolder_subset/val/0/00045.png,0,0.4245089888572693,0,0
14,/data/wyb/pneumoniamnist_imagefolder_subset/val/0/00046.png,0,0.59371417760849,1,1
15,/data/wyb/pneumoniamnist_imagefolder_subset/val/0/00049.png,0,0.5711023211479187,1,1
16,/data/wyb/pneumoniamnist_imagefolder_subset/val/0/00052.png,0,0.44473734498023987,0,0
17,/data/wyb/pneumoniamnist_imagefolder_subset/val/0/00055.png,0,0.5000043511390686,1,0
18,/data/wyb/pneumoniamnist_imagefolder_subset/val/0/00069.png,0,0.5487603545188904,1,1
19,/data/wyb/pneumoniamnist_imagefolder_subset/val/0/00072.png,0,0.5627579689025879,1,1
20,/data/wyb/pneumoniamnist_imagefolder_subset/val/0/00074.png,0,0.5505235195159912,1,1
21,/data/wyb/pneumoniamnist_imagefolder_subset/val/0/00081.png,0,0.5234177112579346,1,1
22,/data/wyb/pneumoniamnist_imagefolder_subset/val/0/00083.png,0,0.5331612825393677,1,1
23,/data/wyb/pneumoniamnist_imagefolder_subset/val/0/00090.png,0,0.48381879925727844,0,0
24,/data/wyb/pneumoniamnist_imagefolder_subset/val/0/00093.png,0,0.5281577706336975,1,1
25,/data/wyb/pneumoniamnist_imagefolder_subset/val/0/00106.png,0,0.4875132143497467,0,0
26,/data/wyb/pneumoniamnist_imagefolder_subset/val/0/00114.png,0,0.6504951119422913,1,1
27,/data/wyb/pneumoniamnist_imagefolder_subset/val/0/00118.png,0,0.5286604762077332,1,1
28,/data/wyb/pneumoniamnist_imagefolder_subset/val/0/00124.png,0,0.533189058303833,1,1
29,/data/wyb/pneumoniamnist_imagefolder_subset/val/0/00130.png,0,0.6218576431274414,1,1
30,/data/wyb/pneumoniamnist_imagefolder_subset/val/0/00131.png,0,0.6004325151443481,1,1
31,/data/wyb/pneumoniamnist_imagefolder_subset/val/0/00132.png,0,0.48422443866729736,0,0
32,/data/wyb/pneumoniamnist_imagefolder_subset/val/0/00135.png,0,0.5418369770050049,1,1
33,/data/wyb/pneumoniamnist_imagefolder_subset/val/0/00147.png,0,0.569746732711792,1,1
34,/data/wyb/pneumoniamnist_imagefolder_subset/val/0/00151.png,0,0.5225594639778137,1,1
35,/data/wyb/pneumoniamnist_imagefolder_subset/val/0/00155.png,0,0.6009296774864197,1,1
36,/data/wyb/pneumoniamnist_imagefolder_subset/val/0/00157.png,0,0.6285613179206848,1,1
37,/data/wyb/pneumoniamnist_imagefolder_subset/val/0/00159.png,0,0.4966524839401245,0,0
38,/data/wyb/pneumoniamnist_imagefolder_subset/val/0/00164.png,0,0.5580266118049622,1,1
39,/data/wyb/pneumoniamnist_imagefolder_subset/val/0/00168.png,0,0.679075300693512,1,1
40,/data/wyb/pneumoniamnist_imagefolder_subset/val/0/00171.png,0,0.4409783184528351,0,0
41,/data/wyb/pneumoniamnist_imagefolder_subset/val/0/00173.png,0,0.5396363139152527,1,1
42,/data/wyb/pneumoniamnist_imagefolder_subset/val/0/00174.png,0,0.6249356865882874,1,1
43,/data/wyb/pneumoniamnist_imagefolder_subset/val/0/00177.png,0,0.6395531296730042,1,1
44,/data/wyb/pneumoniamnist_imagefolder_subset/val/0/00185.png,0,0.5348580479621887,1,1
45,/data/wyb/pneumoniamnist_imagefolder_subset/val/0/00189.png,0,0.42318737506866455,0,0
46,/data/wyb/pneumoniamnist_imagefolder_subset/val/0/00190.png,0,0.6052079796791077,1,1
47,/data/wyb/pneumoniamnist_imagefolder_subset/val/0/00192.png,0,0.5759159326553345,1,1
48,/data/wyb/pneumoniamnist_imagefolder_subset/val/0/00193.png,0,0.594504714012146,1,1
49,/data/wyb/pneumoniamnist_imagefolder_subset/val/0/00198.png,0,0.48703011870384216,0,0
50,/data/wyb/pneumoniamnist_imagefolder_subset/val/0/00199.png,0,0.6688303351402283,1,1
51,/data/wyb/pneumoniamnist_imagefolder_subset/val/0/00201.png,0,0.4996050298213959,0,0
52,/data/wyb/pneumoniamnist_imagefolder_subset/val/0/00202.png,0,0.5785754323005676,1,1
53,/data/wyb/pneumoniamnist_imagefolder_subset/val/0/00203.png,0,0.4738006889820099,0,0
54,/data/wyb/pneumoniamnist_imagefolder_subset/val/0/00204.png,0,0.5800629258155823,1,1
55,/data/wyb/pneumoniamnist_imagefolder_subset/val/0/00205.png,0,0.5251932144165039,1,1
56,/data/wyb/pneumoniamnist_imagefolder_subset/val/0/00210.png,0,0.5470843315124512,1,1
57,/data/wyb/pneumoniamnist_imagefolder_subset/val/0/00215.png,0,0.6069447994232178,1,1
58,/data/wyb/pneumoniamnist_imagefolder_subset/val/0/00217.png,0,0.6300361156463623,1,1
59,/data/wyb/pneumoniamnist_imagefolder_subset/val/0/00219.png,0,0.559861421585083,1,1
60,/data/wyb/pneumoniamnist_imagefolder_subset/val/0/00220.png,0,0.5931792259216309,1,1
61,/data/wyb/pneumoniamnist_imagefolder_subset/val/0/00223.png,0,0.6304356455802917,1,1
62,/data/wyb/pneumoniamnist_imagefolder_subset/val/0/00226.png,0,0.5317820906639099,1,1
63,/data/wyb/pneumoniamnist_imagefolder_subset/val/0/00227.png,0,0.583339273929596,1,1
64,/data/wyb/pneumoniamnist_imagefolder_subset/val/0/00233.png,0,0.6149730682373047,1,1
65,/data/wyb/pneumoniamnist_imagefolder_subset/val/0/00235.png,0,0.6207200288772583,1,1
66,/data/wyb/pneumoniamnist_imagefolder_subset/val/0/00237.png,0,0.5795724987983704,1,1
67,/data/wyb/pneumoniamnist_imagefolder_subset/val/0/00248.png,0,0.45929792523384094,0,0
68,/data/wyb/pneumoniamnist_imagefolder_subset/val/0/00251.png,0,0.5135782957077026,1,1
69,/data/wyb/pneumoniamnist_imagefolder_subset/val/0/00252.png,0,0.6027082800865173,1,1
70,/data/wyb/pneumoniamnist_imagefolder_subset/val/0/00254.png,0,0.6442893743515015,1,1
71,/data/wyb/pneumoniamnist_imagefolder_subset/val/0/00259.png,0,0.557879626750946,1,1
72,/data/wyb/pneumoniamnist_imagefolder_subset/val/0/00281.png,0,0.480438232421875,0,0
73,/data/wyb/pneumoniamnist_imagefolder_subset/val/0/00284.png,0,0.6229733824729919,1,1
74,/data/wyb/pneumoniamnist_imagefolder_subset/val/0/00287.png,0,0.5998300909996033,1,1
75,/data/wyb/pneumoniamnist_imagefolder_subset/val/0/00288.png,0,0.648053765296936,1,1
76,/data/wyb/pneumoniamnist_imagefolder_subset/val/0/00293.png,0,0.49186068773269653,0,0
77,/data/wyb/pneumoniamnist_imagefolder_subset/val/0/00295.png,0,0.4987957775592804,0,0
78,/data/wyb/pneumoniamnist_imagefolder_subset/val/0/00296.png,0,0.5173308253288269,1,1
79,/data/wyb/pneumoniamnist_imagefolder_subset/val/0/00298.png,0,0.4991295337677002,0,0
80,/data/wyb/pneumoniamnist_imagefolder_subset/val/0/00299.png,0,0.4880175292491913,0,0
81,/data/wyb/pneumoniamnist_imagefolder_subset/val/0/00311.png,0,0.6153656840324402,1,1
82,/data/wyb/pneumoniamnist_imagefolder_subset/val/0/00312.png,0,0.6103311777114868,1,1
83,/data/wyb/pneumoniamnist_imagefolder_subset/val/0/00326.png,0,0.634040892124176,1,1
84,/data/wyb/pneumoniamnist_imagefolder_subset/val/0/00329.png,0,0.4637671113014221,0,0
85,/data/wyb/pneumoniamnist_imagefolder_subset/val/0/00334.png,0,0.5358321070671082,1,1
86,/data/wyb/pneumoniamnist_imagefolder_subset/val/0/00335.png,0,0.5582735538482666,1,1
87,/data/wyb/pneumoniamnist_imagefolder_subset/val/0/00336.png,0,0.5922937989234924,1,1
88,/data/wyb/pneumoniamnist_imagefolder_subset/val/0/00340.png,0,0.566565752029419,1,1
89,/data/wyb/pneumoniamnist_imagefolder_subset/val/0/00349.png,0,0.6013587713241577,1,1
90,/data/wyb/pneumoniamnist_imagefolder_subset/val/0/00353.png,0,0.4735909700393677,0,0
91,/data/wyb/pneumoniamnist_imagefolder_subset/val/0/00354.png,0,0.5905640721321106,1,1
92,/data/wyb/pneumoniamnist_imagefolder_subset/val/0/00358.png,0,0.5232362151145935,1,1
93,/data/wyb/pneumoniamnist_imagefolder_subset/val/0/00360.png,0,0.4660113453865051,0,0
94,/data/wyb/pneumoniamnist_imagefolder_subset/val/0/00365.png,0,0.5835950970649719,1,1
95,/data/wyb/pneumoniamnist_imagefolder_subset/val/0/00366.png,0,0.5534348487854004,1,1
96,/data/wyb/pneumoniamnist_imagefolder_subset/val/0/00378.png,0,0.4580836892127991,0,0
97,/data/wyb/pneumoniamnist_imagefolder_subset/val/0/00382.png,0,0.5748167037963867,1,1
98,/data/wyb/pneumoniamnist_imagefolder_subset/val/0/00383.png,0,0.49115920066833496,0,0
99,/data/wyb/pneumoniamnist_imagefolder_subset/val/0/00388.png,0,0.6519885063171387,1,1
100,/data/wyb/pneumoniamnist_imagefolder_subset/val/0/00392.png,0,0.44323697686195374,0,0
101,/data/wyb/pneumoniamnist_imagefolder_subset/val/0/00395.png,0,0.5211964845657349,1,1
102,/data/wyb/pneumoniamnist_imagefolder_subset/val/0/00403.png,0,0.45912620425224304,0,0
103,/data/wyb/pneumoniamnist_imagefolder_subset/val/0/00406.png,0,0.6246790885925293,1,1
104,/data/wyb/pneumoniamnist_imagefolder_subset/val/0/00409.png,0,0.5018845200538635,1,1
105,/data/wyb/pneumoniamnist_imagefolder_subset/val/0/00411.png,0,0.545495867729187,1,1
106,/data/wyb/pneumoniamnist_imagefolder_subset/val/0/00416.png,0,0.5379826426506042,1,1
107,/data/wyb/pneumoniamnist_imagefolder_subset/val/0/00417.png,0,0.6666232347488403,1,1
108,/data/wyb/pneumoniamnist_imagefolder_subset/val/0/00420.png,0,0.5249509811401367,1,1
109,/data/wyb/pneumoniamnist_imagefolder_subset/val/0/00424.png,0,0.5769911408424377,1,1
110,/data/wyb/pneumoniamnist_imagefolder_subset/val/0/00429.png,0,0.4441297948360443,0,0
111,/data/wyb/pneumoniamnist_imagefolder_subset/val/0/00433.png,0,0.6007153391838074,1,1
112,/data/wyb/pneumoniamnist_imagefolder_subset/val/0/00437.png,0,0.48310142755508423,0,0
113,/data/wyb/pneumoniamnist_imagefolder_subset/val/0/00438.png,0,0.5004907846450806,1,0
114,/data/wyb/pneumoniamnist_imagefolder_subset/val/0/00454.png,0,0.6448420286178589,1,1
115,/data/wyb/pneumoniamnist_imagefolder_subset/val/0/00455.png,0,0.6001935601234436,1,1
116,/data/wyb/pneumoniamnist_imagefolder_subset/val/0/00456.png,0,0.5833865404129028,1,1
117,/data/wyb/pneumoniamnist_imagefolder_subset/val/0/00459.png,0,0.6762970685958862,1,1
118,/data/wyb/pneumoniamnist_imagefolder_subset/val/0/00463.png,0,0.6104559302330017,1,1
119,/data/wyb/pneumoniamnist_imagefolder_subset/val/0/00471.png,0,0.45108935236930847,0,0
120,/data/wyb/pneumoniamnist_imagefolder_subset/val/0/00476.png,0,0.5967968702316284,1,1
121,/data/wyb/pneumoniamnist_imagefolder_subset/val/0/00478.png,0,0.6174404621124268,1,1
122,/data/wyb/pneumoniamnist_imagefolder_subset/val/0/00479.png,0,0.5845075845718384,1,1
123,/data/wyb/pneumoniamnist_imagefolder_subset/val/0/00483.png,0,0.4721197187900543,0,0
124,/data/wyb/pneumoniamnist_imagefolder_subset/val/0/00484.png,0,0.5833558440208435,1,1
125,/data/wyb/pneumoniamnist_imagefolder_subset/val/0/00490.png,0,0.5652351379394531,1,1
126,/data/wyb/pneumoniamnist_imagefolder_subset/val/0/00491.png,0,0.5130082964897156,1,1
127,/data/wyb/pneumoniamnist_imagefolder_subset/val/0/00496.png,0,0.5038785934448242,1,1
128,/data/wyb/pneumoniamnist_imagefolder_subset/val/0/00498.png,0,0.5659212470054626,1,1
129,/data/wyb/pneumoniamnist_imagefolder_subset/val/0/00500.png,0,0.5339654088020325,1,1
130,/data/wyb/pneumoniamnist_imagefolder_subset/val/0/00502.png,0,0.5704880356788635,1,1
131,/data/wyb/pneumoniamnist_imagefolder_subset/val/0/00505.png,0,0.6238396763801575,1,1
132,/data/wyb/pneumoniamnist_imagefolder_subset/val/0/00509.png,0,0.6545828580856323,1,1
133,/data/wyb/pneumoniamnist_imagefolder_subset/val/0/00519.png,0,0.5005258321762085,1,0
134,/data/wyb/pneumoniamnist_imagefolder_subset/val/0/00522.png,0,0.6024611592292786,1,1
135,/data/wyb/pneumoniamnist_imagefolder_subset/val/1/00000.png,1,0.6155378818511963,1,1
136,/data/wyb/pneumoniamnist_imagefolder_subset/val/1/00001.png,1,0.6233636140823364,1,1
137,/data/wyb/pneumoniamnist_imagefolder_subset/val/1/00002.png,1,0.6342670917510986,1,1
138,/data/wyb/pneumoniamnist_imagefolder_subset/val/1/00004.png,1,0.6057191491127014,1,1
139,/data/wyb/pneumoniamnist_imagefolder_subset/val/1/00005.png,1,0.6804823875427246,1,1
140,/data/wyb/pneumoniamnist_imagefolder_subset/val/1/00006.png,1,0.46645116806030273,0,0
141,/data/wyb/pneumoniamnist_imagefolder_subset/val/1/00008.png,1,0.5942299962043762,1,1
142,/data/wyb/pneumoniamnist_imagefolder_subset/val/1/00009.png,1,0.44356364011764526,0,0
143,/data/wyb/pneumoniamnist_imagefolder_subset/val/1/00010.png,1,0.4858422875404358,0,0
144,/data/wyb/pneumoniamnist_imagefolder_subset/val/1/00012.png,1,0.6001160144805908,1,1
145,/data/wyb/pneumoniamnist_imagefolder_subset/val/1/00013.png,1,0.6335790157318115,1,1
146,/data/wyb/pneumoniamnist_imagefolder_subset/val/1/00015.png,1,0.5673976540565491,1,1
147,/data/wyb/pneumoniamnist_imagefolder_subset/val/1/00016.png,1,0.5791719555854797,1,1
148,/data/wyb/pneumoniamnist_imagefolder_subset/val/1/00017.png,1,0.5877591967582703,1,1
149,/data/wyb/pneumoniamnist_imagefolder_subset/val/1/00018.png,1,0.5613178014755249,1,1
150,/data/wyb/pneumoniamnist_imagefolder_subset/val/1/00019.png,1,0.6283844113349915,1,1
151,/data/wyb/pneumoniamnist_imagefolder_subset/val/1/00020.png,1,0.4577217698097229,0,0
152,/data/wyb/pneumoniamnist_imagefolder_subset/val/1/00021.png,1,0.555847704410553,1,1
153,/data/wyb/pneumoniamnist_imagefolder_subset/val/1/00023.png,1,0.572498619556427,1,1
154,/data/wyb/pneumoniamnist_imagefolder_subset/val/1/00024.png,1,0.6712427735328674,1,1
155,/data/wyb/pneumoniamnist_imagefolder_subset/val/1/00025.png,1,0.7093935012817383,1,1
156,/data/wyb/pneumoniamnist_imagefolder_subset/val/1/00026.png,1,0.6912566423416138,1,1
157,/data/wyb/pneumoniamnist_imagefolder_subset/val/1/00027.png,1,0.5748383402824402,1,1
158,/data/wyb/pneumoniamnist_imagefolder_subset/val/1/00029.png,1,0.5528059005737305,1,1
159,/data/wyb/pneumoniamnist_imagefolder_subset/val/1/00032.png,1,0.5848708152770996,1,1
160,/data/wyb/pneumoniamnist_imagefolder_subset/val/1/00034.png,1,0.44164466857910156,0,0
161,/data/wyb/pneumoniamnist_imagefolder_subset/val/1/00036.png,1,0.4901089668273926,0,0
162,/data/wyb/pneumoniamnist_imagefolder_subset/val/1/00039.png,1,0.6435235142707825,1,1
163,/data/wyb/pneumoniamnist_imagefolder_subset/val/1/00041.png,1,0.669914960861206,1,1
164,/data/wyb/pneumoniamnist_imagefolder_subset/val/1/00042.png,1,0.6307315230369568,1,1
165,/data/wyb/pneumoniamnist_imagefolder_subset/val/1/00043.png,1,0.6139072775840759,1,1
166,/data/wyb/pneumoniamnist_imagefolder_subset/val/1/00044.png,1,0.5478797554969788,1,1
167,/data/wyb/pneumoniamnist_imagefolder_subset/val/1/00047.png,1,0.6503226161003113,1,1
168,/data/wyb/pneumoniamnist_imagefolder_subset/val/1/00048.png,1,0.610360324382782,1,1
169,/data/wyb/pneumoniamnist_imagefolder_subset/val/1/00050.png,1,0.5057178139686584,1,1
170,/data/wyb/pneumoniamnist_imagefolder_subset/val/1/00051.png,1,0.5845957398414612,1,1
171,/data/wyb/pneumoniamnist_imagefolder_subset/val/1/00053.png,1,0.5014974474906921,1,1
172,/data/wyb/pneumoniamnist_imagefolder_subset/val/1/00054.png,1,0.6448795199394226,1,1
173,/data/wyb/pneumoniamnist_imagefolder_subset/val/1/00056.png,1,0.6519099473953247,1,1
174,/data/wyb/pneumoniamnist_imagefolder_subset/val/1/00057.png,1,0.6148266792297363,1,1
175,/data/wyb/pneumoniamnist_imagefolder_subset/val/1/00058.png,1,0.6253804564476013,1,1
176,/data/wyb/pneumoniamnist_imagefolder_subset/val/1/00059.png,1,0.5938439965248108,1,1
177,/data/wyb/pneumoniamnist_imagefolder_subset/val/1/00060.png,1,0.5920310020446777,1,1
178,/data/wyb/pneumoniamnist_imagefolder_subset/val/1/00061.png,1,0.6175854802131653,1,1
179,/data/wyb/pneumoniamnist_imagefolder_subset/val/1/00062.png,1,0.5612483024597168,1,1
180,/data/wyb/pneumoniamnist_imagefolder_subset/val/1/00063.png,1,0.5533180236816406,1,1
181,/data/wyb/pneumoniamnist_imagefolder_subset/val/1/00064.png,1,0.6252017021179199,1,1
182,/data/wyb/pneumoniamnist_imagefolder_subset/val/1/00065.png,1,0.39925381541252136,0,0
183,/data/wyb/pneumoniamnist_imagefolder_subset/val/1/00066.png,1,0.6930983662605286,1,1
184,/data/wyb/pneumoniamnist_imagefolder_subset/val/1/00067.png,1,0.5977208614349365,1,1
185,/data/wyb/pneumoniamnist_imagefolder_subset/val/1/00068.png,1,0.5505099296569824,1,1
186,/data/wyb/pneumoniamnist_imagefolder_subset/val/1/00070.png,1,0.5496243834495544,1,1
187,/data/wyb/pneumoniamnist_imagefolder_subset/val/1/00071.png,1,0.6091147065162659,1,1
188,/data/wyb/pneumoniamnist_imagefolder_subset/val/1/00073.png,1,0.6890257596969604,1,1
189,/data/wyb/pneumoniamnist_imagefolder_subset/val/1/00075.png,1,0.7050386667251587,1,1
190,/data/wyb/pneumoniamnist_imagefolder_subset/val/1/00076.png,1,0.6700595617294312,1,1
191,/data/wyb/pneumoniamnist_imagefolder_subset/val/1/00077.png,1,0.6205828189849854,1,1
192,/data/wyb/pneumoniamnist_imagefolder_subset/val/1/00078.png,1,0.548876166343689,1,1
193,/data/wyb/pneumoniamnist_imagefolder_subset/val/1/00079.png,1,0.5385581254959106,1,1
194,/data/wyb/pneumoniamnist_imagefolder_subset/val/1/00080.png,1,0.6080286502838135,1,1
195,/data/wyb/pneumoniamnist_imagefolder_subset/val/1/00082.png,1,0.5832000374794006,1,1
196,/data/wyb/pneumoniamnist_imagefolder_subset/val/1/00084.png,1,0.48519036173820496,0,0
197,/data/wyb/pneumoniamnist_imagefolder_subset/val/1/00085.png,1,0.571027934551239,1,1
198,/data/wyb/pneumoniamnist_imagefolder_subset/val/1/00086.png,1,0.6098464131355286,1,1
199,/data/wyb/pneumoniamnist_imagefolder_subset/val/1/00087.png,1,0.5777713656425476,1,1
200,/data/wyb/pneumoniamnist_imagefolder_subset/val/1/00088.png,1,0.5944550633430481,1,1
201,/data/wyb/pneumoniamnist_imagefolder_subset/val/1/00089.png,1,0.5094830393791199,1,1
202,/data/wyb/pneumoniamnist_imagefolder_subset/val/1/00091.png,1,0.6238764524459839,1,1
203,/data/wyb/pneumoniamnist_imagefolder_subset/val/1/00092.png,1,0.5513101816177368,1,1
204,/data/wyb/pneumoniamnist_imagefolder_subset/val/1/00094.png,1,0.6061276793479919,1,1
205,/data/wyb/pneumoniamnist_imagefolder_subset/val/1/00095.png,1,0.6164131760597229,1,1
206,/data/wyb/pneumoniamnist_imagefolder_subset/val/1/00096.png,1,0.6319548487663269,1,1
207,/data/wyb/pneumoniamnist_imagefolder_subset/val/1/00097.png,1,0.6221725940704346,1,1
208,/data/wyb/pneumoniamnist_imagefolder_subset/val/1/00098.png,1,0.5684945583343506,1,1
209,/data/wyb/pneumoniamnist_imagefolder_subset/val/1/00099.png,1,0.5168680548667908,1,1
210,/data/wyb/pneumoniamnist_imagefolder_subset/val/1/00100.png,1,0.6094657778739929,1,1
211,/data/wyb/pneumoniamnist_imagefolder_subset/val/1/00101.png,1,0.6356951594352722,1,1
212,/data/wyb/pneumoniamnist_imagefolder_subset/val/1/00102.png,1,0.6252310872077942,1,1
213,/data/wyb/pneumoniamnist_imagefolder_subset/val/1/00103.png,1,0.6061172485351562,1,1
214,/data/wyb/pneumoniamnist_imagefolder_subset/val/1/00104.png,1,0.5455808043479919,1,1
215,/data/wyb/pneumoniamnist_imagefolder_subset/val/1/00105.png,1,0.6389033198356628,1,1
216,/data/wyb/pneumoniamnist_imagefolder_subset/val/1/00107.png,1,0.635400116443634,1,1
217,/data/wyb/pneumoniamnist_imagefolder_subset/val/1/00108.png,1,0.4710458815097809,0,0
218,/data/wyb/pneumoniamnist_imagefolder_subset/val/1/00109.png,1,0.6752932667732239,1,1
219,/data/wyb/pneumoniamnist_imagefolder_subset/val/1/00110.png,1,0.6085774302482605,1,1
220,/data/wyb/pneumoniamnist_imagefolder_subset/val/1/00111.png,1,0.5573890805244446,1,1
221,/data/wyb/pneumoniamnist_imagefolder_subset/val/1/00112.png,1,0.5897029638290405,1,1
222,/data/wyb/pneumoniamnist_imagefolder_subset/val/1/00113.png,1,0.5961006283760071,1,1
223,/data/wyb/pneumoniamnist_imagefolder_subset/val/1/00115.png,1,0.5283345580101013,1,1
224,/data/wyb/pneumoniamnist_imagefolder_subset/val/1/00116.png,1,0.5580092072486877,1,1
225,/data/wyb/pneumoniamnist_imagefolder_subset/val/1/00117.png,1,0.6210061311721802,1,1
226,/data/wyb/pneumoniamnist_imagefolder_subset/val/1/00119.png,1,0.5766565203666687,1,1
227,/data/wyb/pneumoniamnist_imagefolder_subset/val/1/00120.png,1,0.601610004901886,1,1
228,/data/wyb/pneumoniamnist_imagefolder_subset/val/1/00121.png,1,0.5580866932868958,1,1
229,/data/wyb/pneumoniamnist_imagefolder_subset/val/1/00122.png,1,0.6347042322158813,1,1
230,/data/wyb/pneumoniamnist_imagefolder_subset/val/1/00123.png,1,0.6054322123527527,1,1
231,/data/wyb/pneumoniamnist_imagefolder_subset/val/1/00125.png,1,0.678154706954956,1,1
232,/data/wyb/pneumoniamnist_imagefolder_subset/val/1/00126.png,1,0.5795847177505493,1,1
233,/data/wyb/pneumoniamnist_imagefolder_subset/val/1/00127.png,1,0.6366296410560608,1,1
234,/data/wyb/pneumoniamnist_imagefolder_subset/val/1/00128.png,1,0.6726164221763611,1,1
235,/data/wyb/pneumoniamnist_imagefolder_subset/val/1/00129.png,1,0.6385929584503174,1,1
236,/data/wyb/pneumoniamnist_imagefolder_subset/val/1/00133.png,1,0.6416667103767395,1,1
237,/data/wyb/pneumoniamnist_imagefolder_subset/val/1/00134.png,1,0.5764951109886169,1,1
238,/data/wyb/pneumoniamnist_imagefolder_subset/val/1/00136.png,1,0.6456828117370605,1,1
239,/data/wyb/pneumoniamnist_imagefolder_subset/val/1/00137.png,1,0.6245481967926025,1,1
240,/data/wyb/pneumoniamnist_imagefolder_subset/val/1/00138.png,1,0.6556451320648193,1,1
241,/data/wyb/pneumoniamnist_imagefolder_subset/val/1/00139.png,1,0.6605606079101562,1,1
242,/data/wyb/pneumoniamnist_imagefolder_subset/val/1/00140.png,1,0.5890627503395081,1,1
243,/data/wyb/pneumoniamnist_imagefolder_subset/val/1/00141.png,1,0.65434730052948,1,1
244,/data/wyb/pneumoniamnist_imagefolder_subset/val/1/00142.png,1,0.6026151180267334,1,1
245,/data/wyb/pneumoniamnist_imagefolder_subset/val/1/00143.png,1,0.515632152557373,1,1
246,/data/wyb/pneumoniamnist_imagefolder_subset/val/1/00144.png,1,0.5407572984695435,1,1
247,/data/wyb/pneumoniamnist_imagefolder_subset/val/1/00145.png,1,0.6065046191215515,1,1
248,/data/wyb/pneumoniamnist_imagefolder_subset/val/1/00146.png,1,0.5572900772094727,1,1
249,/data/wyb/pneumoniamnist_imagefolder_subset/val/1/00148.png,1,0.5966745018959045,1,1
250,/data/wyb/pneumoniamnist_imagefolder_subset/val/1/00149.png,1,0.5768752098083496,1,1
251,/data/wyb/pneumoniamnist_imagefolder_subset/val/1/00150.png,1,0.54715895652771,1,1
252,/data/wyb/pneumoniamnist_imagefolder_subset/val/1/00152.png,1,0.5978676676750183,1,1
253,/data/wyb/pneumoniamnist_imagefolder_subset/val/1/00153.png,1,0.5452587008476257,1,1
254,/data/wyb/pneumoniamnist_imagefolder_subset/val/1/00154.png,1,0.484340637922287,0,0
255,/data/wyb/pneumoniamnist_imagefolder_subset/val/1/00156.png,1,0.6493624448776245,1,1
256,/data/wyb/pneumoniamnist_imagefolder_subset/val/1/00158.png,1,0.6282411217689514,1,1
257,/data/wyb/pneumoniamnist_imagefolder_subset/val/1/00160.png,1,0.6745677590370178,1,1
258,/data/wyb/pneumoniamnist_imagefolder_subset/val/1/00161.png,1,0.5013937950134277,1,1
259,/data/wyb/pneumoniamnist_imagefolder_subset/val/1/00162.png,1,0.6992072463035583,1,1
260,/data/wyb/pneumoniamnist_imagefolder_subset/val/1/00163.png,1,0.5584205389022827,1,1
261,/data/wyb/pneumoniamnist_imagefolder_subset/val/1/00165.png,1,0.5457895398139954,1,1
262,/data/wyb/pneumoniamnist_imagefolder_subset/val/1/00166.png,1,0.672213077545166,1,1
263,/data/wyb/pneumoniamnist_imagefolder_subset/val/1/00167.png,1,0.5790999531745911,1,1
264,/data/wyb/pneumoniamnist_imagefolder_subset/val/1/00169.png,1,0.5259013772010803,1,1
265,/data/wyb/pneumoniamnist_imagefolder_subset/val/1/00170.png,1,0.5415199995040894,1,1
266,/data/wyb/pneumoniamnist_imagefolder_subset/val/1/00172.png,1,0.5010847449302673,1,1
267,/data/wyb/pneumoniamnist_imagefolder_subset/val/1/00175.png,1,0.5864552855491638,1,1
268,/data/wyb/pneumoniamnist_imagefolder_subset/val/1/00176.png,1,0.6052743792533875,1,1
269,/data/wyb/pneumoniamnist_imagefolder_subset/val/1/00178.png,1,0.481926292181015,0,0
270,/data/wyb/pneumoniamnist_imagefolder_subset/val/1/00179.png,1,0.5959242582321167,1,1
271,/data/wyb/pneumoniamnist_imagefolder_subset/val/1/00180.png,1,0.5788626670837402,1,1
272,/data/wyb/pneumoniamnist_imagefolder_subset/val/1/00181.png,1,0.5422754883766174,1,1
273,/data/wyb/pneumoniamnist_imagefolder_subset/val/1/00182.png,1,0.5452476739883423,1,1
274,/data/wyb/pneumoniamnist_imagefolder_subset/val/1/00183.png,1,0.5793545842170715,1,1
275,/data/wyb/pneumoniamnist_imagefolder_subset/val/1/00184.png,1,0.598442018032074,1,1
276,/data/wyb/pneumoniamnist_imagefolder_subset/val/1/00186.png,1,0.6125604510307312,1,1
277,/data/wyb/pneumoniamnist_imagefolder_subset/val/1/00187.png,1,0.6329458951950073,1,1
278,/data/wyb/pneumoniamnist_imagefolder_subset/val/1/00188.png,1,0.545313835144043,1,1
279,/data/wyb/pneumoniamnist_imagefolder_subset/val/1/00191.png,1,0.592256486415863,1,1
280,/data/wyb/pneumoniamnist_imagefolder_subset/val/1/00194.png,1,0.593048632144928,1,1
281,/data/wyb/pneumoniamnist_imagefolder_subset/val/1/00195.png,1,0.5804422497749329,1,1
282,/data/wyb/pneumoniamnist_imagefolder_subset/val/1/00196.png,1,0.6132782101631165,1,1
283,/data/wyb/pneumoniamnist_imagefolder_subset/val/1/00197.png,1,0.6442700028419495,1,1
284,/data/wyb/pneumoniamnist_imagefolder_subset/val/1/00200.png,1,0.621649980545044,1,1
285,/data/wyb/pneumoniamnist_imagefolder_subset/val/1/00206.png,1,0.476930171251297,0,0
286,/data/wyb/pneumoniamnist_imagefolder_subset/val/1/00207.png,1,0.6002451777458191,1,1
287,/data/wyb/pneumoniamnist_imagefolder_subset/val/1/00208.png,1,0.5780085325241089,1,1
288,/data/wyb/pneumoniamnist_imagefolder_subset/val/1/00209.png,1,0.557162880897522,1,1
289,/data/wyb/pneumoniamnist_imagefolder_subset/val/1/00211.png,1,0.5385828018188477,1,1
290,/data/wyb/pneumoniamnist_imagefolder_subset/val/1/00212.png,1,0.6218745708465576,1,1
291,/data/wyb/pneumoniamnist_imagefolder_subset/val/1/00213.png,1,0.6255893111228943,1,1
292,/data/wyb/pneumoniamnist_imagefolder_subset/val/1/00214.png,1,0.598966658115387,1,1
293,/data/wyb/pneumoniamnist_imagefolder_subset/val/1/00216.png,1,0.5123656392097473,1,1
294,/data/wyb/pneumoniamnist_imagefolder_subset/val/1/00218.png,1,0.5421985387802124,1,1
295,/data/wyb/pneumoniamnist_imagefolder_subset/val/1/00221.png,1,0.5910106897354126,1,1
296,/data/wyb/pneumoniamnist_imagefolder_subset/val/1/00222.png,1,0.4562634527683258,0,0
297,/data/wyb/pneumoniamnist_imagefolder_subset/val/1/00224.png,1,0.6018840074539185,1,1
298,/data/wyb/pneumoniamnist_imagefolder_subset/val/1/00225.png,1,0.6369885802268982,1,1
299,/data/wyb/pneumoniamnist_imagefolder_subset/val/1/00228.png,1,0.5464416742324829,1,1
300,/data/wyb/pneumoniamnist_imagefolder_subset/val/1/00229.png,1,0.6360888481140137,1,1
301,/data/wyb/pneumoniamnist_imagefolder_subset/val/1/00230.png,1,0.6381055116653442,1,1
302,/data/wyb/pneumoniamnist_imagefolder_subset/val/1/00231.png,1,0.5711310505867004,1,1
303,/data/wyb/pneumoniamnist_imagefolder_subset/val/1/00232.png,1,0.6200361251831055,1,1
304,/data/wyb/pneumoniamnist_imagefolder_subset/val/1/00234.png,1,0.6540772914886475,1,1
305,/data/wyb/pneumoniamnist_imagefolder_subset/val/1/00236.png,1,0.6365153789520264,1,1
306,/data/wyb/pneumoniamnist_imagefolder_subset/val/1/00238.png,1,0.6874586343765259,1,1
307,/data/wyb/pneumoniamnist_imagefolder_subset/val/1/00239.png,1,0.6830577850341797,1,1
308,/data/wyb/pneumoniamnist_imagefolder_subset/val/1/00240.png,1,0.6514682173728943,1,1
309,/data/wyb/pneumoniamnist_imagefolder_subset/val/1/00241.png,1,0.5030145645141602,1,1
310,/data/wyb/pneumoniamnist_imagefolder_subset/val/1/00242.png,1,0.5982158780097961,1,1
311,/data/wyb/pneumoniamnist_imagefolder_subset/val/1/00243.png,1,0.6915193200111389,1,1
312,/data/wyb/pneumoniamnist_imagefolder_subset/val/1/00244.png,1,0.5942761898040771,1,1
313,/data/wyb/pneumoniamnist_imagefolder_subset/val/1/00245.png,1,0.5891815423965454,1,1
314,/data/wyb/pneumoniamnist_imagefolder_subset/val/1/00246.png,1,0.5813146233558655,1,1
315,/data/wyb/pneumoniamnist_imagefolder_subset/val/1/00247.png,1,0.7062171101570129,1,1
316,/data/wyb/pneumoniamnist_imagefolder_subset/val/1/00249.png,1,0.6013718247413635,1,1
317,/data/wyb/pneumoniamnist_imagefolder_subset/val/1/00250.png,1,0.5355685353279114,1,1
318,/data/wyb/pneumoniamnist_imagefolder_subset/val/1/00253.png,1,0.5486853718757629,1,1
319,/data/wyb/pneumoniamnist_imagefolder_subset/val/1/00255.png,1,0.6400015354156494,1,1
320,/data/wyb/pneumoniamnist_imagefolder_subset/val/1/00256.png,1,0.6218817830085754,1,1
321,/data/wyb/pneumoniamnist_imagefolder_subset/val/1/00257.png,1,0.5312077403068542,1,1
322,/data/wyb/pneumoniamnist_imagefolder_subset/val/1/00258.png,1,0.6390166282653809,1,1
323,/data/wyb/pneumoniamnist_imagefolder_subset/val/1/00260.png,1,0.5472772717475891,1,1
324,/data/wyb/pneumoniamnist_imagefolder_subset/val/1/00261.png,1,0.5973386168479919,1,1
325,/data/wyb/pneumoniamnist_imagefolder_subset/val/1/00262.png,1,0.43985092639923096,0,0
326,/data/wyb/pneumoniamnist_imagefolder_subset/val/1/00263.png,1,0.6489710807800293,1,1
327,/data/wyb/pneumoniamnist_imagefolder_subset/val/1/00264.png,1,0.6433216333389282,1,1
328,/data/wyb/pneumoniamnist_imagefolder_subset/val/1/00265.png,1,0.5763005018234253,1,1
329,/data/wyb/pneumoniamnist_imagefolder_subset/val/1/00266.png,1,0.5648055672645569,1,1
330,/data/wyb/pneumoniamnist_imagefolder_subset/val/1/00267.png,1,0.6293967962265015,1,1
331,/data/wyb/pneumoniamnist_imagefolder_subset/val/1/00268.png,1,0.5848395228385925,1,1
332,/data/wyb/pneumoniamnist_imagefolder_subset/val/1/00269.png,1,0.4916163384914398,0,0
333,/data/wyb/pneumoniamnist_imagefolder_subset/val/1/00270.png,1,0.606437623500824,1,1
334,/data/wyb/pneumoniamnist_imagefolder_subset/val/1/00271.png,1,0.5490120649337769,1,1
335,/data/wyb/pneumoniamnist_imagefolder_subset/val/1/00272.png,1,0.5760605335235596,1,1
336,/data/wyb/pneumoniamnist_imagefolder_subset/val/1/00273.png,1,0.5676345825195312,1,1
337,/data/wyb/pneumoniamnist_imagefolder_subset/val/1/00274.png,1,0.6337430477142334,1,1
338,/data/wyb/pneumoniamnist_imagefolder_subset/val/1/00275.png,1,0.6249843239784241,1,1
339,/data/wyb/pneumoniamnist_imagefolder_subset/val/1/00276.png,1,0.5991212129592896,1,1
340,/data/wyb/pneumoniamnist_imagefolder_subset/val/1/00277.png,1,0.6218836903572083,1,1
341,/data/wyb/pneumoniamnist_imagefolder_subset/val/1/00278.png,1,0.5665585994720459,1,1
342,/data/wyb/pneumoniamnist_imagefolder_subset/val/1/00279.png,1,0.577338457107544,1,1
343,/data/wyb/pneumoniamnist_imagefolder_subset/val/1/00280.png,1,0.6101099848747253,1,1
344,/data/wyb/pneumoniamnist_imagefolder_subset/val/1/00282.png,1,0.568088173866272,1,1
345,/data/wyb/pneumoniamnist_imagefolder_subset/val/1/00283.png,1,0.5559363961219788,1,1
346,/data/wyb/pneumoniamnist_imagefolder_subset/val/1/00285.png,1,0.5856907367706299,1,1
347,/data/wyb/pneumoniamnist_imagefolder_subset/val/1/00286.png,1,0.6845325231552124,1,1
348,/data/wyb/pneumoniamnist_imagefolder_subset/val/1/00289.png,1,0.5377894639968872,1,1
349,/data/wyb/pneumoniamnist_imagefolder_subset/val/1/00290.png,1,0.5822404026985168,1,1
350,/data/wyb/pneumoniamnist_imagefolder_subset/val/1/00291.png,1,0.6692479848861694,1,1
351,/data/wyb/pneumoniamnist_imagefolder_subset/val/1/00292.png,1,0.6639800667762756,1,1
352,/data/wyb/pneumoniamnist_imagefolder_subset/val/1/00294.png,1,0.5569252967834473,1,1
353,/data/wyb/pneumoniamnist_imagefolder_subset/val/1/00297.png,1,0.5047837495803833,1,1
354,/data/wyb/pneumoniamnist_imagefolder_subset/val/1/00300.png,1,0.5777913331985474,1,1
355,/data/wyb/pneumoniamnist_imagefolder_subset/val/1/00301.png,1,0.5748708248138428,1,1
356,/data/wyb/pneumoniamnist_imagefolder_subset/val/1/00302.png,1,0.6419607400894165,1,1
357,/data/wyb/pneumoniamnist_imagefolder_subset/val/1/00303.png,1,0.5859884023666382,1,1
358,/data/wyb/pneumoniamnist_imagefolder_subset/val/1/00304.png,1,0.6575793027877808,1,1
359,/data/wyb/pneumoniamnist_imagefolder_subset/val/1/00305.png,1,0.6825769543647766,1,1
360,/data/wyb/pneumoniamnist_imagefolder_subset/val/1/00306.png,1,0.5283443331718445,1,1
361,/data/wyb/pneumoniamnist_imagefolder_subset/val/1/00307.png,1,0.5467533469200134,1,1
362,/data/wyb/pneumoniamnist_imagefolder_subset/val/1/00308.png,1,0.5649675130844116,1,1
363,/data/wyb/pneumoniamnist_imagefolder_subset/val/1/00309.png,1,0.5819308161735535,1,1
364,/data/wyb/pneumoniamnist_imagefolder_subset/val/1/00310.png,1,0.5908474326133728,1,1
365,/data/wyb/pneumoniamnist_imagefolder_subset/val/1/00313.png,1,0.602135181427002,1,1
366,/data/wyb/pneumoniamnist_imagefolder_subset/val/1/00314.png,1,0.637922465801239,1,1
367,/data/wyb/pneumoniamnist_imagefolder_subset/val/1/00315.png,1,0.5504674911499023,1,1
368,/data/wyb/pneumoniamnist_imagefolder_subset/val/1/00316.png,1,0.5837591290473938,1,1
369,/data/wyb/pneumoniamnist_imagefolder_subset/val/1/00317.png,1,0.6131042838096619,1,1
370,/data/wyb/pneumoniamnist_imagefolder_subset/val/1/00318.png,1,0.5332133769989014,1,1
371,/data/wyb/pneumoniamnist_imagefolder_subset/val/1/00319.png,1,0.48000290989875793,0,0
372,/data/wyb/pneumoniamnist_imagefolder_subset/val/1/00320.png,1,0.5931487679481506,1,1
373,/data/wyb/pneumoniamnist_imagefolder_subset/val/1/00321.png,1,0.5924614071846008,1,1
374,/data/wyb/pneumoniamnist_imagefolder_subset/val/1/00322.png,1,0.5805882811546326,1,1
375,/data/wyb/pneumoniamnist_imagefolder_subset/val/1/00323.png,1,0.6893627047538757,1,1
376,/data/wyb/pneumoniamnist_imagefolder_subset/val/1/00324.png,1,0.5506210923194885,1,1
377,/data/wyb/pneumoniamnist_imagefolder_subset/val/1/00325.png,1,0.4904112219810486,0,0
378,/data/wyb/pneumoniamnist_imagefolder_subset/val/1/00327.png,1,0.6789289116859436,1,1
379,/data/wyb/pneumoniamnist_imagefolder_subset/val/1/00328.png,1,0.613943874835968,1,1
380,/data/wyb/pneumoniamnist_imagefolder_subset/val/1/00330.png,1,0.634082555770874,1,1
381,/data/wyb/pneumoniamnist_imagefolder_subset/val/1/00331.png,1,0.5216845870018005,1,1
382,/data/wyb/pneumoniamnist_imagefolder_subset/val/1/00332.png,1,0.5463290214538574,1,1
383,/data/wyb/pneumoniamnist_imagefolder_subset/val/1/00333.png,1,0.5535447597503662,1,1
384,/data/wyb/pneumoniamnist_imagefolder_subset/val/1/00337.png,1,0.6409227848052979,1,1
385,/data/wyb/pneumoniamnist_imagefolder_subset/val/1/00338.png,1,0.5934947729110718,1,1
386,/data/wyb/pneumoniamnist_imagefolder_subset/val/1/00339.png,1,0.5435364842414856,1,1
387,/data/wyb/pneumoniamnist_imagefolder_subset/val/1/00341.png,1,0.5183332562446594,1,1
388,/data/wyb/pneumoniamnist_imagefolder_subset/val/1/00342.png,1,0.5736997127532959,1,1
389,/data/wyb/pneumoniamnist_imagefolder_subset/val/1/00343.png,1,0.5519362688064575,1,1
390,/data/wyb/pneumoniamnist_imagefolder_subset/val/1/00344.png,1,0.577385663986206,1,1
391,/data/wyb/pneumoniamnist_imagefolder_subset/val/1/00345.png,1,0.5571601390838623,1,1
392,/data/wyb/pneumoniamnist_imagefolder_subset/val/1/00346.png,1,0.6723597645759583,1,1
393,/data/wyb/pneumoniamnist_imagefolder_subset/val/1/00347.png,1,0.5926100015640259,1,1
394,/data/wyb/pneumoniamnist_imagefolder_subset/val/1/00348.png,1,0.5180531144142151,1,1
395,/data/wyb/pneumoniamnist_imagefolder_subset/val/1/00350.png,1,0.6424520611763,1,1
396,/data/wyb/pneumoniamnist_imagefolder_subset/val/1/00351.png,1,0.5255604386329651,1,1
397,/data/wyb/pneumoniamnist_imagefolder_subset/val/1/00352.png,1,0.61150723695755,1,1
398,/data/wyb/pneumoniamnist_imagefolder_subset/val/1/00355.png,1,0.6355761289596558,1,1
399,/data/wyb/pneumoniamnist_imagefolder_subset/val/1/00356.png,1,0.4518059194087982,0,0
400,/data/wyb/pneumoniamnist_imagefolder_subset/val/1/00357.png,1,0.5556561946868896,1,1
401,/data/wyb/pneumoniamnist_imagefolder_subset/val/1/00359.png,1,0.4454803764820099,0,0
402,/data/wyb/pneumoniamnist_imagefolder_subset/val/1/00361.png,1,0.6152356863021851,1,1
403,/data/wyb/pneumoniamnist_imagefolder_subset/val/1/00362.png,1,0.5740048885345459,1,1
404,/data/wyb/pneumoniamnist_imagefolder_subset/val/1/00363.png,1,0.5962744355201721,1,1
405,/data/wyb/pneumoniamnist_imagefolder_subset/val/1/00364.png,1,0.6366633772850037,1,1
406,/data/wyb/pneumoniamnist_imagefolder_subset/val/1/00367.png,1,0.6291481852531433,1,1
407,/data/wyb/pneumoniamnist_imagefolder_subset/val/1/00368.png,1,0.6074168086051941,1,1
408,/data/wyb/pneumoniamnist_imagefolder_subset/val/1/00369.png,1,0.6154187321662903,1,1
409,/data/wyb/pneumoniamnist_imagefolder_subset/val/1/00370.png,1,0.4766121804714203,0,0
410,/data/wyb/pneumoniamnist_imagefolder_subset/val/1/00371.png,1,0.5857093930244446,1,1
411,/data/wyb/pneumoniamnist_imagefolder_subset/val/1/00372.png,1,0.5585106015205383,1,1
412,/data/wyb/pneumoniamnist_imagefolder_subset/val/1/00373.png,1,0.45538878440856934,0,0
413,/data/wyb/pneumoniamnist_imagefolder_subset/val/1/00374.png,1,0.5986422896385193,1,1
414,/data/wyb/pneumoniamnist_imagefolder_subset/val/1/00375.png,1,0.4960630536079407,0,0
415,/data/wyb/pneumoniamnist_imagefolder_subset/val/1/00376.png,1,0.3767523169517517,0,0
416,/data/wyb/pneumoniamnist_imagefolder_subset/val/1/00377.png,1,0.5933196544647217,1,1
417,/data/wyb/pneumoniamnist_imagefolder_subset/val/1/00379.png,1,0.4009123742580414,0,0
418,/data/wyb/pneumoniamnist_imagefolder_subset/val/1/00380.png,1,0.6189322471618652,1,1
419,/data/wyb/pneumoniamnist_imagefolder_subset/val/1/00381.png,1,0.5942432284355164,1,1
420,/data/wyb/pneumoniamnist_imagefolder_subset/val/1/00384.png,1,0.6290575861930847,1,1
421,/data/wyb/pneumoniamnist_imagefolder_subset/val/1/00385.png,1,0.665536642074585,1,1
422,/data/wyb/pneumoniamnist_imagefolder_subset/val/1/00386.png,1,0.5061508417129517,1,1
423,/data/wyb/pneumoniamnist_imagefolder_subset/val/1/00387.png,1,0.6590869426727295,1,1
424,/data/wyb/pneumoniamnist_imagefolder_subset/val/1/00389.png,1,0.6205068230628967,1,1
425,/data/wyb/pneumoniamnist_imagefolder_subset/val/1/00390.png,1,0.5982394218444824,1,1
426,/data/wyb/pneumoniamnist_imagefolder_subset/val/1/00391.png,1,0.6557121276855469,1,1
427,/data/wyb/pneumoniamnist_imagefolder_subset/val/1/00393.png,1,0.6124067902565002,1,1
428,/data/wyb/pneumoniamnist_imagefolder_subset/val/1/00394.png,1,0.6349883675575256,1,1
429,/data/wyb/pneumoniamnist_imagefolder_subset/val/1/00396.png,1,0.6689581274986267,1,1
430,/data/wyb/pneumoniamnist_imagefolder_subset/val/1/00397.png,1,0.5943549275398254,1,1
431,/data/wyb/pneumoniamnist_imagefolder_subset/val/1/00398.png,1,0.6409476399421692,1,1
432,/data/wyb/pneumoniamnist_imagefolder_subset/val/1/00399.png,1,0.5785824060440063,1,1
433,/data/wyb/pneumoniamnist_imagefolder_subset/val/1/00400.png,1,0.5988046526908875,1,1
434,/data/wyb/pneumoniamnist_imagefolder_subset/val/1/00401.png,1,0.65375816822052,1,1
435,/data/wyb/pneumoniamnist_imagefolder_subset/val/1/00402.png,1,0.5896885991096497,1,1
436,/data/wyb/pneumoniamnist_imagefolder_subset/val/1/00404.png,1,0.5864187479019165,1,1
437,/data/wyb/pneumoniamnist_imagefolder_subset/val/1/00405.png,1,0.587983250617981,1,1
438,/data/wyb/pneumoniamnist_imagefolder_subset/val/1/00407.png,1,0.5284315347671509,1,1
439,/data/wyb/pneumoniamnist_imagefolder_subset/val/1/00408.png,1,0.6358852386474609,1,1
440,/data/wyb/pneumoniamnist_imagefolder_subset/val/1/00410.png,1,0.7209733128547668,1,1
441,/data/wyb/pneumoniamnist_imagefolder_subset/val/1/00412.png,1,0.5809019804000854,1,1
442,/data/wyb/pneumoniamnist_imagefolder_subset/val/1/00413.png,1,0.5797243714332581,1,1
443,/data/wyb/pneumoniamnist_imagefolder_subset/val/1/00414.png,1,0.5778383612632751,1,1
444,/data/wyb/pneumoniamnist_imagefolder_subset/val/1/00415.png,1,0.5570099353790283,1,1
445,/data/wyb/pneumoniamnist_imagefolder_subset/val/1/00418.png,1,0.57741779088974,1,1
446,/data/wyb/pneumoniamnist_imagefolder_subset/val/1/00419.png,1,0.6838634014129639,1,1
447,/data/wyb/pneumoniamnist_imagefolder_subset/val/1/00421.png,1,0.5709220170974731,1,1
448,/data/wyb/pneumoniamnist_imagefolder_subset/val/1/00422.png,1,0.5604504942893982,1,1
449,/data/wyb/pneumoniamnist_imagefolder_subset/val/1/00423.png,1,0.5803232192993164,1,1
450,/data/wyb/pneumoniamnist_imagefolder_subset/val/1/00425.png,1,0.5497780442237854,1,1
451,/data/wyb/pneumoniamnist_imagefolder_subset/val/1/00426.png,1,0.5058806538581848,1,1
452,/data/wyb/pneumoniamnist_imagefolder_subset/val/1/00427.png,1,0.5848018527030945,1,1
453,/data/wyb/pneumoniamnist_imagefolder_subset/val/1/00428.png,1,0.6688804626464844,1,1
454,/data/wyb/pneumoniamnist_imagefolder_subset/val/1/00430.png,1,0.660205602645874,1,1
455,/data/wyb/pneumoniamnist_imagefolder_subset/val/1/00431.png,1,0.5444197058677673,1,1
456,/data/wyb/pneumoniamnist_imagefolder_subset/val/1/00432.png,1,0.6122583746910095,1,1
457,/data/wyb/pneumoniamnist_imagefolder_subset/val/1/00434.png,1,0.4900086224079132,0,0
458,/data/wyb/pneumoniamnist_imagefolder_subset/val/1/00435.png,1,0.6344498991966248,1,1
459,/data/wyb/pneumoniamnist_imagefolder_subset/val/1/00436.png,1,0.5718956589698792,1,1
460,/data/wyb/pneumoniamnist_imagefolder_subset/val/1/00439.png,1,0.5872974395751953,1,1
461,/data/wyb/pneumoniamnist_imagefolder_subset/val/1/00440.png,1,0.63410884141922,1,1
462,/data/wyb/pneumoniamnist_imagefolder_subset/val/1/00441.png,1,0.5894983410835266,1,1
463,/data/wyb/pneumoniamnist_imagefolder_subset/val/1/00442.png,1,0.6100586652755737,1,1
464,/data/wyb/pneumoniamnist_imagefolder_subset/val/1/00443.png,1,0.6194747686386108,1,1
465,/data/wyb/pneumoniamnist_imagefolder_subset/val/1/00444.png,1,0.6356202960014343,1,1
466,/data/wyb/pneumoniamnist_imagefolder_subset/val/1/00445.png,1,0.5639815330505371,1,1
467,/data/wyb/pneumoniamnist_imagefolder_subset/val/1/00446.png,1,0.5504825711250305,1,1
468,/data/wyb/pneumoniamnist_imagefolder_subset/val/1/00447.png,1,0.6211082935333252,1,1
469,/data/wyb/pneumoniamnist_imagefolder_subset/val/1/00448.png,1,0.6014346480369568,1,1
470,/data/wyb/pneumoniamnist_imagefolder_subset/val/1/00449.png,1,0.6707751750946045,1,1
471,/data/wyb/pneumoniamnist_imagefolder_subset/val/1/00450.png,1,0.5463292598724365,1,1
472,/data/wyb/pneumoniamnist_imagefolder_subset/val/1/00451.png,1,0.5793851613998413,1,1
473,/data/wyb/pneumoniamnist_imagefolder_subset/val/1/00452.png,1,0.606850802898407,1,1
474,/data/wyb/pneumoniamnist_imagefolder_subset/val/1/00453.png,1,0.6172848343849182,1,1
475,/data/wyb/pneumoniamnist_imagefolder_subset/val/1/00457.png,1,0.5735023021697998,1,1
476,/data/wyb/pneumoniamnist_imagefolder_subset/val/1/00458.png,1,0.6409046649932861,1,1
477,/data/wyb/pneumoniamnist_imagefolder_subset/val/1/00460.png,1,0.6047812700271606,1,1
478,/data/wyb/pneumoniamnist_imagefolder_subset/val/1/00461.png,1,0.5603440403938293,1,1
479,/data/wyb/pneumoniamnist_imagefolder_subset/val/1/00462.png,1,0.601523756980896,1,1
480,/data/wyb/pneumoniamnist_imagefolder_subset/val/1/00464.png,1,0.7181464433670044,1,1
481,/data/wyb/pneumoniamnist_imagefolder_subset/val/1/00465.png,1,0.6415857672691345,1,1
482,/data/wyb/pneumoniamnist_imagefolder_subset/val/1/00466.png,1,0.5831382274627686,1,1
483,/data/wyb/pneumoniamnist_imagefolder_subset/val/1/00467.png,1,0.5209931135177612,1,1
484,/data/wyb/pneumoniamnist_imagefolder_subset/val/1/00468.png,1,0.5904353857040405,1,1
485,/data/wyb/pneumoniamnist_imagefolder_subset/val/1/00469.png,1,0.600151777267456,1,1
486,/data/wyb/pneumoniamnist_imagefolder_subset/val/1/00470.png,1,0.5161921977996826,1,1
487,/data/wyb/pneumoniamnist_imagefolder_subset/val/1/00472.png,1,0.547432541847229,1,1
488,/data/wyb/pneumoniamnist_imagefolder_subset/val/1/00473.png,1,0.613761842250824,1,1
489,/data/wyb/pneumoniamnist_imagefolder_subset/val/1/00474.png,1,0.5611289143562317,1,1
490,/data/wyb/pneumoniamnist_imagefolder_subset/val/1/00475.png,1,0.5327821969985962,1,1
491,/data/wyb/pneumoniamnist_imagefolder_subset/val/1/00477.png,1,0.6537718176841736,1,1
492,/data/wyb/pneumoniamnist_imagefolder_subset/val/1/00480.png,1,0.558773934841156,1,1
493,/data/wyb/pneumoniamnist_imagefolder_subset/val/1/00481.png,1,0.4869815409183502,0,0
494,/data/wyb/pneumoniamnist_imagefolder_subset/val/1/00482.png,1,0.5886560678482056,1,1
495,/data/wyb/pneumoniamnist_imagefolder_subset/val/1/00485.png,1,0.5860709547996521,1,1
496,/data/wyb/pneumoniamnist_imagefolder_subset/val/1/00486.png,1,0.5525266528129578,1,1
497,/data/wyb/pneumoniamnist_imagefolder_subset/val/1/00487.png,1,0.6209389567375183,1,1
498,/data/wyb/pneumoniamnist_imagefolder_subset/val/1/00488.png,1,0.6320189237594604,1,1
499,/data/wyb/pneumoniamnist_imagefolder_subset/val/1/00489.png,1,0.48052412271499634,0,0
500,/data/wyb/pneumoniamnist_imagefolder_subset/val/1/00492.png,1,0.6523861289024353,1,1
501,/data/wyb/pneumoniamnist_imagefolder_subset/val/1/00493.png,1,0.5681067705154419,1,1
502,/data/wyb/pneumoniamnist_imagefolder_subset/val/1/00494.png,1,0.5621024370193481,1,1
503,/data/wyb/pneumoniamnist_imagefolder_subset/val/1/00495.png,1,0.6453648209571838,1,1
504,/data/wyb/pneumoniamnist_imagefolder_subset/val/1/00497.png,1,0.5510293245315552,1,1
505,/data/wyb/pneumoniamnist_imagefolder_subset/val/1/00499.png,1,0.6545491814613342,1,1
506,/data/wyb/pneumoniamnist_imagefolder_subset/val/1/00501.png,1,0.6282950639724731,1,1
507,/data/wyb/pneumoniamnist_imagefolder_subset/val/1/00503.png,1,0.4520874321460724,0,0
508,/data/wyb/pneumoniamnist_imagefolder_subset/val/1/00504.png,1,0.5484985709190369,1,1
509,/data/wyb/pneumoniamnist_imagefolder_subset/val/1/00506.png,1,0.523956835269928,1,1
510,/data/wyb/pneumoniamnist_imagefolder_subset/val/1/00507.png,1,0.7153368592262268,1,1
511,/data/wyb/pneumoniamnist_imagefolder_subset/val/1/00508.png,1,0.6375770568847656,1,1
512,/data/wyb/pneumoniamnist_imagefolder_subset/val/1/00510.png,1,0.7754806876182556,1,1
513,/data/wyb/pneumoniamnist_imagefolder_subset/val/1/00511.png,1,0.6110612154006958,1,1
514,/data/wyb/pneumoniamnist_imagefolder_subset/val/1/00512.png,1,0.693108081817627,1,1
515,/data/wyb/pneumoniamnist_imagefolder_subset/val/1/00513.png,1,0.6497452855110168,1,1
516,/data/wyb/pneumoniamnist_imagefolder_subset/val/1/00514.png,1,0.5674192905426025,1,1
517,/data/wyb/pneumoniamnist_imagefolder_subset/val/1/00515.png,1,0.6193729043006897,1,1
518,/data/wyb/pneumoniamnist_imagefolder_subset/val/1/00516.png,1,0.6653876900672913,1,1
519,/data/wyb/pneumoniamnist_imagefolder_subset/val/1/00517.png,1,0.5736357569694519,1,1
520,/data/wyb/pneumoniamnist_imagefolder_subset/val/1/00518.png,1,0.5907095074653625,1,1
521,/data/wyb/pneumoniamnist_imagefolder_subset/val/1/00520.png,1,0.5865840911865234,1,1
522,/data/wyb/pneumoniamnist_imagefolder_subset/val/1/00521.png,1,0.6025438904762268,1,1
523,/data/wyb/pneumoniamnist_imagefolder_subset/val/1/00523.png,1,0.4835403263568878,0,0
