index,sample_id,target,logit_0,logit_1,prob_1,argmax_prediction,threshold_prediction,calibrated_argmax_prediction
0,sample_000000,0,0.7295882701873779,-0.36981600522994995,0.2498515099287033,0,0,0
1,sample_000001,0,0.43556129932403564,-0.10791599005460739,0.3673790395259857,0,1,1
2,sample_000002,0,0.7072070837020874,-0.3554149568080902,0.25680869817733765,0,0,0
3,sample_000003,0,0.44968098402023315,-0.12690237164497375,0.3597191572189331,0,1,1
4,sample_000004,0,0.7438313961029053,-0.387565553188324,0.24390339851379395,0,0,0
5,sample_000005,0,0.7642650008201599,-0.39558809995651245,0.2386939823627472,0,0,0
6,sample_000006,0,0.5080169439315796,-0.1900670826435089,0.332237184047699,0,0,0
7,sample_000007,0,0.5637375116348267,-0.21680307388305664,0.3142034113407135,0,0,0
8,sample_000008,0,0.8124347925186157,-0.45496711134910583,0.21970230340957642,0,0,0
9,sample_000009,0,0.6468828916549683,-0.2928500771522522,0.2809542715549469,0,0,0
10,sample_000010,0,0.5843000411987305,-0.2465893030166626,0.3034570515155792,0,0,0
11,sample_000011,0,0.735198438167572,-0.38006532192230225,0.2468908727169037,0,0,0
12,sample_000012,0,0.5460433959960938,-0.21086303889751434,0.3193182647228241,0,0,0
13,sample_000013,0,0.570724368095398,-0.23576445877552032,0.30863919854164124,0,0,0
14,sample_000014,0,0.8026781678199768,-0.4529595673084259,0.22172574698925018,0,0,0
15,sample_000015,0,0.5840520262718201,-0.2288905680179596,0.3072637915611267,0,0,0
16,sample_000016,0,0.7613048553466797,-0.3979998230934143,0.23879365622997284,0,0,0
17,sample_000017,0,0.4612790048122406,-0.13632571697235107,0.3548918664455414,0,0,0
18,sample_000018,0,0.5657472014427185,-0.22499039769172668,0.3120103180408478,0,0,0
19,sample_000019,0,0.6758931279182434,-0.32749128341674805,0.26827654242515564,0,0,0
20,sample_000020,0,0.6052122116088867,-0.2653706967830658,0.2951330244541168,0,0,0
21,sample_000021,0,0.6646195650100708,-0.30936703085899353,0.2740866243839264,0,0,0
22,sample_000022,0,0.5603646039962769,-0.215553879737854,0.31520017981529236,0,0,0
23,sample_000023,0,0.6149422526359558,-0.27287909388542175,0.291559636592865,0,0,0
24,sample_000024,0,0.1640489250421524,0.13163287937641144,0.49189668893814087,0,1,1
25,sample_000025,0,0.687466025352478,-0.3336687386035919,0.2648064196109772,0,0,0
26,sample_000026,0,0.26137492060661316,0.04751855134963989,0.4467387795448303,0,1,1
27,sample_000027,0,0.5615094900131226,-0.22188781201839447,0.31358814239501953,0,0,0
28,sample_000028,0,0.49346408247947693,-0.1708928495645523,0.33976155519485474,0,0,0
29,sample_000029,0,0.7422740459442139,-0.3790346086025238,0.24576862156391144,0,0,0
30,sample_000030,0,0.5987491011619568,-0.2575453817844391,0.2981140911579132,0,0,0
31,sample_000031,0,0.6770590543746948,-0.3476715385913849,0.26410695910453796,0,0,0
32,sample_000032,0,0.5850895643234253,-0.2501615285873413,0.30253592133522034,0,0,0
33,sample_000033,0,0.48938217759132385,-0.15042364597320557,0.3452904522418976,0,0,0
34,sample_000034,0,0.530188262462616,-0.19159896671772003,0.3269995450973511,0,0,0
35,sample_000035,0,0.5174591541290283,-0.17162516713142395,0.3342368006706238,0,0,0
36,sample_000036,0,0.5510581731796265,-0.21425853669643402,0.3174930512905121,0,0,0
37,sample_000037,0,0.5161900520324707,-0.17225998640060425,0.3343779146671295,0,0,0
38,sample_000038,0,0.6526632905006409,-0.3039996325969696,0.27754682302474976,0,0,0
39,sample_000039,0,0.5322182774543762,-0.19579093158245087,0.325631707906723,0,0,0
40,sample_000040,0,0.6606580018997192,-0.3113304674625397,0.2744843363761902,0,0,0
41,sample_000041,0,0.498321533203125,-0.15624941885471344,0.34196022152900696,0,0,0
42,sample_000042,0,0.36445438861846924,-0.06122882664203644,0.3951576054096222,0,1,1
43,sample_000043,0,0.7731072306632996,-0.41531097888946533,0.23354196548461914,0,0,0
44,sample_000044,0,0.6111809015274048,-0.26240694522857666,0.29450827836990356,0,0,0
45,sample_000045,0,0.7435729503631592,-0.394538551568985,0.24266725778579712,0,0,0
46,sample_000046,0,0.38869011402130127,-0.08323495090007782,0.38416072726249695,0,1,1
47,sample_000047,0,0.7409095764160156,-0.3753507137298584,0.24670563638210297,0,0,0
48,sample_000048,0,0.6818720102310181,-0.32118919491767883,0.26833996176719666,0,0,0
49,sample_000049,0,0.7700914144515991,-0.4054255485534668,0.2358592301607132,0,0,0
50,sample_000050,0,0.6607308387756348,-0.315187931060791,0.27370235323905945,0,0,0
51,sample_000051,0,0.4615461230278015,-0.13322070240974426,0.355541855096817,0,0,0
52,sample_000052,0,0.6716277599334717,-0.3235805332660675,0.2698845863342285,0,0,0
53,sample_000053,0,0.341222882270813,-0.031741026788949966,0.4078249931335449,0,1,1
54,sample_000054,0,0.5221020579338074,-0.1858793944120407,0.33004501461982727,0,0,0
55,sample_000055,0,0.6509014964103699,-0.3161791265010834,0.275462806224823,0,0,0
56,sample_000056,0,0.18476378917694092,0.09806615114212036,0.47833916544914246,0,1,1
57,sample_000057,0,0.3663453757762909,-0.058602236211299896,0.3953334391117096,0,1,1
58,sample_000058,0,0.6488590836524963,-0.31091004610061646,0.2769244313240051,0,0,0
59,sample_000059,0,0.617826521396637,-0.28288838267326355,0.2889036238193512,0,0,0
60,sample_000060,0,0.7412129640579224,-0.4184046685695648,0.23873676359653473,0,0,0
61,sample_000061,0,0.2113075852394104,0.07105295360088348,0.4649937152862549,0,1,1
62,sample_000062,0,0.511217474937439,-0.17025916278362274,0.33593183755874634,0,0,0
63,sample_000063,0,0.7393054366111755,-0.37585559487342834,0.246909961104393,0,0,0
64,sample_000064,0,0.4662391245365143,-0.12534938752651215,0.356270432472229,0,0,0
65,sample_000065,0,0.6358093023300171,-0.2844492793083191,0.28490519523620605,0,0,0
66,sample_000066,0,0.705690324306488,-0.35997456312179565,0.25622835755348206,0,0,0
67,sample_000067,0,0.577254056930542,-0.23860624432563782,0.30664312839508057,0,0,0
68,sample_000068,0,0.5258757472038269,-0.17899885773658752,0.3307323455810547,0,0,0
69,sample_000069,0,0.5309949517250061,-0.19212186336517334,0.32670700550079346,0,0,0
70,sample_000070,0,0.4220150411128998,-0.0893164575099945,0.37488144636154175,0,1,1
71,sample_000071,0,0.6081114411354065,-0.2654508948326111,0.2945135831832886,0,0,0
72,sample_000072,0,0.5995138883590698,-0.24585598707199097,0.30040502548217773,0,0,0
73,sample_000073,0,0.3696625232696533,-0.041017431765794754,0.39874905347824097,0,1,1
74,sample_000074,0,0.5099961161613464,-0.17471513152122498,0.3352106511592865,0,0,0
75,sample_000075,0,0.5366827249526978,-0.1987614929676056,0.32400116324424744,0,0,0
76,sample_000076,0,0.6284872889518738,-0.28375235199928284,0.28654175996780396,0,0,0
77,sample_000077,0,0.5957287549972534,-0.23861630260944366,0.3027271032333374,0,0,0
78,sample_000078,0,0.6675800085067749,-0.30879536271095276,0.27361157536506653,0,0,0
79,sample_000079,0,0.5919292569160461,-0.2415708750486374,0.30290549993515015,0,0,0
80,sample_000080,0,0.4951304495334625,-0.16336829960346222,0.34107694029808044,0,0,0
81,sample_000081,0,0.19401311874389648,0.09918239712715149,0.4763100743293762,0,1,1
82,sample_000082,0,0.5701351761817932,-0.230730339884758,0.3098403811454773,0,0,0
83,sample_000083,0,0.7216347455978394,-0.3684134781360626,0.2516092360019684,0,0,0
84,sample_000084,0,0.46712350845336914,-0.13828183710575104,0.3531080484390259,0,0,0
85,sample_000085,0,0.6203702688217163,-0.2767510712146759,0.28964242339134216,0,0,0
86,sample_000086,0,0.6952775716781616,-0.34113720059394836,0.2618423402309418,0,0,0
87,sample_000087,0,0.5824078321456909,-0.230567067861557,0.30725690722465515,0,0,0
88,sample_000088,0,0.48590323328971863,-0.1548754721879959,0.3450705409049988,0,0,0
89,sample_000089,0,0.7603261470794678,-0.39410266280174255,0.23968105018138885,0,0,0
90,sample_000090,0,0.4801388680934906,-0.1491568386554718,0.3476702570915222,0,0,0
91,sample_000091,0,0.6290566325187683,-0.2792918086051941,0.28733792901039124,0,0,0
92,sample_000092,0,0.7416293621063232,-0.3872253894805908,0.24437251687049866,0,0,0
93,sample_000093,0,0.6550410985946655,-0.3042859137058258,0.2770129442214966,0,0,0
94,sample_000094,0,0.4200875461101532,-0.09192169457674026,0.37472259998321533,0,1,1
95,sample_000095,0,0.47862955927848816,-0.15520641207695007,0.3466412425041199,0,0,0
96,sample_000096,0,0.6225804090499878,-0.27003908157348633,0.290569543838501,0,0,0
97,sample_000097,0,0.6285996437072754,-0.28285542130470276,0.2867022156715393,0,0,0
98,sample_000098,0,0.6227754950523376,-0.28015774488449097,0.2884480953216553,0,0,0
99,sample_000099,0,0.6750926375389099,-0.3247205317020416,0.26897814869880676,0,0,0
100,sample_000100,0,0.5479501485824585,-0.20132260024547577,0.3209797739982605,0,0,0
101,sample_000101,0,0.6079421043395996,-0.2563944160938263,0.29643410444259644,0,0,0
102,sample_000102,0,0.632347822189331,-0.29177120327949524,0.2841193974018097,0,0,0
103,sample_000103,0,0.7175800204277039,-0.3742181658744812,0.2512798011302948,0,0,0
104,sample_000104,0,0.4346780478954315,-0.10910593718290329,0.36730778217315674,0,1,1
105,sample_000105,0,0.7663692831993103,-0.41796258091926575,0.23427420854568481,0,0,0
106,sample_000106,0,0.5087213516235352,-0.1600327491760254,0.3387758731842041,0,0,0
107,sample_000107,0,0.4285376965999603,-0.08780606091022491,0.3737075626850128,0,1,1
108,sample_000108,0,0.7760303020477295,-0.413420706987381,0.23335714638233185,0,0,0
109,sample_000109,0,0.7386488914489746,-0.37680086493492126,0.24685627222061157,0,0,0
110,sample_000110,0,0.5309237837791443,-0.17788459360599518,0.32986220717430115,0,0,0
111,sample_000111,0,0.6125798225402832,-0.26784461736679077,0.2930898070335388,0,0,0
112,sample_000112,0,0.5174771547317505,-0.17796573042869568,0.33282336592674255,0,0,0
113,sample_000113,0,0.565401017665863,-0.22231332957744598,0.3126596510410309,0,0,0
114,sample_000114,0,0.5671516060829163,-0.23063445091247559,0.31049931049346924,0,0,0
115,sample_000115,0,0.624941885471344,-0.2685225009918213,0.29039543867111206,0,0,0
116,sample_000116,0,0.44803574681282043,-0.1099768653512001,0.3640074133872986,0,1,1
117,sample_000117,0,0.4725637435913086,-0.14703676104545593,0.34987232089042664,0,0,0
118,sample_000118,0,0.6027658581733704,-0.25825610756874084,0.2971258759498596,0,0,0
119,sample_000119,0,0.7894554734230042,-0.43164125084877014,0.2277434915304184,0,0,0
120,sample_000120,0,0.5533468127250671,-0.2161889225244522,0.31657952070236206,0,0,0
121,sample_000121,0,0.7315144538879395,-0.3681704103946686,0.2497989535331726,0,0,0
122,sample_000122,0,0.48856568336486816,-0.14847125113010406,0.34591665863990784,0,0,0
123,sample_000123,0,0.6687650084495544,-0.3166036009788513,0.2718278169631958,0,0,0
124,sample_000124,0,0.5003231763839722,-0.17572021484375,0.3371449410915375,0,0,0
125,sample_000125,0,0.33883804082870483,-0.029647035524249077,0.4089071452617645,0,1,1
126,sample_000126,0,0.6589372158050537,-0.31587710976600647,0.2739219665527344,0,0,0
127,sample_000127,0,0.557374894618988,-0.21672546863555908,0.31559276580810547,0,0,0
128,sample_000128,0,0.6820766925811768,-0.33191588521003723,0.2661992013454437,0,0,0
129,sample_000129,0,0.7314304709434509,-0.38498592376708984,0.24667662382125854,0,0,0
130,sample_000130,0,0.6217700839042664,-0.26795515418052673,0.2911665439605713,0,0,0
131,sample_000131,0,0.71858811378479,-0.37035590410232544,0.2518171966075897,0,0,0
132,sample_000132,0,0.5290583968162537,-0.2090880423784256,0.3234095871448517,0,0,0
133,sample_000133,0,0.5843929648399353,-0.24098002910614014,0.3046243190765381,0,0,0
134,sample_000134,0,0.7207907438278198,-0.36178287863731384,0.2530192732810974,0,0,0
135,sample_000135,1,-0.4061793386936188,0.5922468304634094,0.7307490110397339,1,1,1
136,sample_000136,1,0.39640817046165466,-0.09176017343997955,0.3803251385688782,0,1,1
137,sample_000137,1,-0.029282134026288986,0.2740336060523987,0.575252890586853,1,1,1
138,sample_000138,1,0.1722816526889801,0.10753436386585236,0.48381882905960083,0,1,1
139,sample_000139,1,0.17885513603687286,0.09979315102100372,0.48024481534957886,0,1,1
140,sample_000140,1,0.07893280684947968,0.19038893282413483,0.5278351902961731,1,1,1
141,sample_000141,1,-0.2484259307384491,0.4636639356613159,0.6708627939224243,1,1,1
142,sample_000142,1,0.6959087252616882,-0.35451585054397583,0.259143590927124,0,0,0
143,sample_000143,1,-0.3326033353805542,0.5303082466125488,0.7032686471939087,1,1,1
144,sample_000144,1,-0.09946176409721375,0.3406977355480194,0.6082969903945923,1,1,1
145,sample_000145,1,-0.36588504910469055,0.5566596984863281,0.7155603170394897,1,1,1
146,sample_000146,1,-0.04477570950984955,0.29764020442962646,0.5847772359848022,1,1,1
147,sample_000147,1,0.3069249093532562,0.011690945364534855,0.42672303318977356,0,1,1
148,sample_000148,1,0.04132957383990288,0.22587980329990387,0.5460070967674255,1,1,1
149,sample_000149,1,-0.20976927876472473,0.42716386914253235,0.6540598273277283,1,1,1
150,sample_000150,1,-0.19735649228096008,0.42207664251327515,0.6500896215438843,1,1,1
151,sample_000151,1,0.14564679563045502,0.12644731998443604,0.4952002763748169,0,1,1
152,sample_000152,1,-0.22213409841060638,0.44323259592056274,0.660464882850647,1,1,1
153,sample_000153,1,-0.15025535225868225,0.3862246870994568,0.6309931874275208,1,1,1
154,sample_000154,1,0.4060862958431244,-0.07649252563714981,0.3816433548927307,0,1,1
155,sample_000155,1,0.21465905010700226,0.08351240307092667,0.4672602713108063,0,1,1
156,sample_000156,1,-0.04857819899916649,0.3004727065563202,0.5863873958587646,1,1,1
157,sample_000157,1,-0.36901819705963135,0.5599051713943481,0.7168567776679993,1,1,1
158,sample_000158,1,0.07945368438959122,0.19803990423679352,0.5296118855476379,1,1,1
159,sample_000159,1,0.1601356714963913,0.12553055584430695,0.49134957790374756,0,1,1
160,sample_000160,1,0.12295551598072052,0.14918719232082367,0.5065575242042542,1,1,1
161,sample_000161,1,-0.514823853969574,0.6981720924377441,0.7708286046981812,1,1,1
162,sample_000162,1,-0.045551978051662445,0.2876106798648834,0.5825287103652954,1,1,1
163,sample_000163,1,-0.30704694986343384,0.5079809427261353,0.6931799054145813,1,1,1
164,sample_000164,1,-0.3583531677722931,0.5547084808349609,0.7136262655258179,1,1,1
165,sample_000165,1,-0.25706395506858826,0.4633811116218567,0.6727049946784973,1,1,1
166,sample_000166,1,-0.08073931187391281,0.3256623446941376,0.6002247333526611,1,1,1
167,sample_000167,1,0.04801008850336075,0.21516449749469757,0.5416915416717529,1,1,1
168,sample_000168,1,-0.06676682829856873,0.3092985153198242,0.5929237604141235,1,1,1
169,sample_000169,1,0.44042932987213135,-0.10265305638313293,0.3674708306789398,0,1,1
170,sample_000170,1,-0.19358597695827484,0.4200543165206909,0.6487707495689392,1,1,1
171,sample_000171,1,0.25027039647102356,0.04714230075478554,0.4493918716907501,0,1,1
172,sample_000172,1,0.0991678461432457,0.18206273019313812,0.5207118988037109,1,1,1
173,sample_000173,1,0.2961667776107788,0.004236077889800072,0.42753127217292786,0,1,1
174,sample_000174,1,-0.5089749693870544,0.6884586811065674,0.7680679559707642,1,1,1
175,sample_000175,1,-0.1669580191373825,0.39424189925193787,0.6367301344871521,1,1,1
176,sample_000176,1,0.309358149766922,0.010889288038015366,0.425931841135025,0,1,1
177,sample_000177,1,-0.29374930262565613,0.5085384249687195,0.6904636025428772,1,1,1
178,sample_000178,1,-0.23897530138492584,0.44585952162742615,0.6648169159889221,1,1,1
179,sample_000179,1,0.19951488077640533,0.09151600301265717,0.4730265140533447,0,1,1
180,sample_000180,1,-0.26646241545677185,0.48585018515586853,0.6796823740005493,1,1,1
181,sample_000181,1,-0.38959717750549316,0.5767655968666077,0.7243939638137817,1,1,1
182,sample_000182,1,0.2591249644756317,0.054432861506938934,0.4490048587322235,0,1,1
183,sample_000183,1,-0.1779753565788269,0.4106332063674927,0.6430458426475525,1,1,1
184,sample_000184,1,-0.13538409769535065,0.3712024390697479,0.6240059733390808,1,1,1
185,sample_000185,1,-0.07199285179376602,0.31660911440849304,0.5959461331367493,1,1,1
186,sample_000186,1,0.1396644413471222,0.132417693734169,0.498188316822052,0,1,1
187,sample_000187,1,-0.0059865303337574005,0.24784448742866516,0.5631192326545715,1,1,1
188,sample_000188,1,0.1794600486755371,0.11442656069993973,0.48374736309051514,0,1,1
189,sample_000189,1,-0.32695820927619934,0.5282154679298401,0.7016513347625732,1,1,1
190,sample_000190,1,0.012431493028998375,0.24334490299224854,0.5574731826782227,1,1,1
191,sample_000191,1,0.20960575342178345,0.08757524937391281,0.4695301651954651,0,1,1
192,sample_000192,1,-0.2667522728443146,0.4821091890335083,0.6789305806159973,1,1,1
193,sample_000193,1,-0.29196807742118835,0.4929072856903076,0.686729907989502,1,1,1
194,sample_000194,1,-0.5587795376777649,0.7435956597328186,0.786234438419342,1,1,1
195,sample_000195,1,-0.10691399872303009,0.34833982586860657,0.6118876934051514,1,1,1
196,sample_000196,1,0.5397424697875977,-0.20696884393692017,0.3215382993221283,0,0,0
197,sample_000197,1,-0.154326930642128,0.3816364109516144,0.6308728456497192,1,1,1
198,sample_000198,1,0.09858100116252899,0.1803542822599411,0.5204319357872009,1,1,1
199,sample_000199,1,0.2199152559041977,0.08035217970609665,0.46516576409339905,0,1,1
200,sample_000200,1,-0.2946939766407013,0.49265316128730774,0.6872614622116089,1,1,1
201,sample_000201,1,-0.23679347336292267,0.45462289452552795,0.6662819385528564,1,1,1
202,sample_000202,1,-0.3222881853580475,0.5212100148200989,0.6992014646530151,1,1,1
203,sample_000203,1,-0.16794908046722412,0.4025322198867798,0.6388742327690125,1,1,1
204,sample_000204,1,-0.5146006941795349,0.7014883756637573,0.771374523639679,1,1,1
205,sample_000205,1,-0.2569660246372223,0.4679740369319916,0.6736939549446106,1,1,1
206,sample_000206,1,0.5649101734161377,-0.2430126667022705,0.30833330750465393,0,0,0
207,sample_000207,1,0.2968110144138336,0.01745036616921425,0.4306105077266693,0,1,1
208,sample_000208,1,-0.28424733877182007,0.4918944835662842,0.6848480105400085,1,1,1
209,sample_000209,1,-0.4620075821876526,0.6496186852455139,0.7524321675300598,1,1,1
210,sample_000210,1,-0.4029165506362915,0.5921573638916016,0.7300889492034912,1,1,1
211,sample_000211,1,-0.1730688065290451,0.4016067385673523,0.6398413181304932,1,1,1
212,sample_000212,1,-0.2905671000480652,0.4887579381465912,0.6855345964431763,1,1,1
213,sample_000213,1,0.057127419859170914,0.21274124085903168,0.5388251543045044,1,1,1
214,sample_000214,1,-0.09875205159187317,0.3382538855075836,0.6075453758239746,1,1,1
215,sample_000215,1,-0.3076322674751282,0.5116713643074036,0.6940885186195374,1,1,1
216,sample_000216,1,-0.04626288637518883,0.2920926511287689,0.5837910175323486,1,1,1
217,sample_000217,1,-0.032077107578516006,0.27630892395973206,0.5764912366867065,1,1,1
218,sample_000218,1,0.012285520322620869,0.24482806026935577,0.5578750967979431,1,1,1
219,sample_000219,1,0.1949145793914795,0.10771795362234116,0.47821468114852905,0,1,1
220,sample_000220,1,-0.03395150229334831,0.29150357842445374,0.5806531310081482,1,1,1
221,sample_000221,1,-0.011265533044934273,0.2567519545555115,0.5666061639785767,1,1,1
222,sample_000222,1,-0.07933621853590012,0.3257511258125305,0.5999093651771545,1,1,1
223,sample_000223,1,0.49192941188812256,-0.15559698641300201,0.34354716539382935,0,0,0
224,sample_000224,1,0.21162426471710205,0.0930258110165596,0.4703851342201233,0,1,1
225,sample_000225,1,0.29402247071266174,0.017700793221592903,0.4313558042049408,0,1,1
226,sample_000226,1,-0.26942214369773865,0.4822336435317993,0.6795393824577332,1,1,1
227,sample_000227,1,0.16111363470554352,0.11828664690256119,0.4892948865890503,0,1,1
228,sample_000228,1,0.042659174650907516,0.23121480643749237,0.5469997525215149,1,1,1
229,sample_000229,1,0.110142782330513,0.15172997117042542,0.5103952884674072,1,1,1
230,sample_000230,1,-0.2640655040740967,0.47862181067466736,0.6775832772254944,1,1,1
231,sample_000231,1,0.12073425203561783,0.15398095548152924,0.5083109140396118,1,1,1
232,sample_000232,1,-0.0651835948228836,0.31128501892089844,0.5930210947990417,1,1,1
233,sample_000233,1,-0.532649576663971,0.7122481465339661,0.7764154076576233,1,1,1
234,sample_000234,1,-0.08873694390058517,0.33939868211746216,0.6054283976554871,1,1,1
235,sample_000235,1,-0.37043100595474243,0.5628019571304321,0.717730700969696,1,1,1
236,sample_000236,1,-0.19989117980003357,0.4145068824291229,0.6489433646202087,1,1,1
237,sample_000237,1,0.12558194994926453,0.15474754571914673,0.5072908997535706,1,1,1
238,sample_000238,1,0.22438588738441467,0.07735142856836319,0.4633074700832367,0,1,1
239,sample_000239,1,0.4077796936035156,-0.09650279581546783,0.3765347898006439,0,1,1
240,sample_000240,1,0.26843738555908203,0.03295312821865082,0.441399484872818,0,1,1
241,sample_000241,1,-0.24124206602573395,0.45873522758483887,0.6681827306747437,1,1,1
242,sample_000242,1,-0.279257595539093,0.49442532658576965,0.6843170523643494,1,1,1
243,sample_000243,1,-0.4323330521583557,0.6186572909355164,0.7409650087356567,1,1,1
244,sample_000244,1,0.2959950566291809,0.014653296209871769,0.4301248788833618,0,1,1
245,sample_000245,1,0.40632590651512146,-0.0985279232263565,0.3764006495475769,0,1,1
246,sample_000246,1,0.15984247624874115,0.12898197770118713,0.49228549003601074,0,1,1
247,sample_000247,1,-0.290057897567749,0.49432894587516785,0.6866248250007629,1,1,1
248,sample_000248,1,-0.33979085087776184,0.5433903932571411,0.7074810266494751,1,1,1
249,sample_000249,1,0.32973819971084595,-0.0172814279794693,0.4141053855419159,0,1,1
250,sample_000250,1,0.1940096914768219,0.10771932452917099,0.4784407317638397,0,1,1
251,sample_000251,1,0.0722881630063057,0.18638309836387634,0.52849280834198,1,1,1
252,sample_000252,1,-0.23834675550460815,0.45330461859703064,0.6663342118263245,1,1,1
253,sample_000253,1,-0.4514707922935486,0.6416346430778503,0.7489659786224365,1,1,1
254,sample_000254,1,-0.1554221510887146,0.37559983134269714,0.629721462726593,1,1,1
255,sample_000255,1,0.5013211965560913,-0.16258685290813446,0.33986231684684753,0,0,0
256,sample_000256,1,-0.4620222747325897,0.6439631581306458,0.7513799071311951,1,1,1
257,sample_000257,1,0.25388994812965393,0.05087798088788986,0.44942060112953186,0,1,1
258,sample_000258,1,-0.19103488326072693,0.4154840111732483,0.6471462845802307,1,1,1
259,sample_000259,1,-0.3407898247241974,0.5366091132164001,0.7062829732894897,1,1,1
260,sample_000260,1,0.2502910792827606,0.04823324829339981,0.44965672492980957,0,1,1
261,sample_000261,1,-0.053258661180734634,0.3092666268348694,0.5896516442298889,1,1,1
262,sample_000262,1,0.22039517760276794,0.06104525551199913,0.46024662256240845,0,1,1
263,sample_000263,1,-0.053754910826683044,0.3061816692352295,0.58902508020401,1,1,1
264,sample_000264,1,-0.44448205828666687,0.6344003677368164,0.7462824583053589,1,1,1
265,sample_000265,1,0.5131881237030029,-0.1791706532239914,0.33350855112075806,0,0,0
266,sample_000266,1,0.2310337871313095,0.0737147331237793,0.46075111627578735,0,1,1
267,sample_000267,1,0.02404974214732647,0.24431627988815308,0.5548450350761414,1,1,1
268,sample_000268,1,0.020471667870879173,0.22582556307315826,0.5511588454246521,1,1,1
269,sample_000269,1,0.41881537437438965,-0.09751959145069122,0.37370961904525757,0,1,1
270,sample_000270,1,-0.4470987021923065,0.6357024312019348,0.7470237016677856,1,1,1
271,sample_000271,1,0.0031585379038006067,0.251268208026886,0.5617111921310425,1,1,1
272,sample_000272,1,-0.32947030663490295,0.5326545834541321,0.7031044363975525,1,1,1
273,sample_000273,1,0.14520999789237976,0.12533344328403473,0.4950309991836548,0,1,1
274,sample_000274,1,-0.29927846789360046,0.5012807846069336,0.6900941133499146,1,1,1
275,sample_000275,1,0.15269345045089722,0.12982985377311707,0.49428436160087585,0,1,1
276,sample_000276,1,0.2898869514465332,0.0018350030295550823,0.4284808039665222,0,1,1
277,sample_000277,1,-0.1283312439918518,0.3545115292072296,0.6184189319610596,1,1,1
278,sample_000278,1,0.4442848563194275,-0.13277749717235565,0.35960879921913147,0,1,1
279,sample_000279,1,-0.09752750396728516,0.3342288136482239,0.6062929630279541,1,1,1
280,sample_000280,1,-0.4916398227214813,0.6790808439254761,0.7632752656936646,1,1,1
281,sample_000281,1,-0.26328036189079285,0.4765097200870514,0.6769499182701111,1,1,1
282,sample_000282,1,-0.23873618245124817,0.4563963711261749,0.6671077013015747,1,1,1
283,sample_000283,1,-0.19045785069465637,0.4020130932331085,0.6439319252967834,1,1,1
284,sample_000284,1,0.28540438413619995,0.035854704678058624,0.43793433904647827,0,1,1
285,sample_000285,1,0.5990186929702759,-0.2555759847164154,0.2984699010848999,0,0,0
286,sample_000286,1,0.281915545463562,0.01595257595181465,0.4338984489440918,0,1,1
287,sample_000287,1,-0.4910826086997986,0.6754515171051025,0.7625179886817932,1,1,1
288,sample_000288,1,0.4183921813964844,-0.10325412452220917,0.3724673390388489,0,1,1
289,sample_000289,1,-0.19719216227531433,0.4264056980609894,0.6510363817214966,1,1,1
290,sample_000290,1,-0.41199055314064026,0.6104938387870789,0.7354562282562256,1,1,1
291,sample_000291,1,-0.13923585414886475,0.3675205409526825,0.6240457892417908,1,1,1
292,sample_000292,1,0.09440010040998459,0.18789233267307281,0.523356020450592,1,1,1
293,sample_000293,1,0.6319915652275085,-0.278548002243042,0.2868894338607788,0,0,0
294,sample_000294,1,0.347425639629364,-0.024962043389678,0.40796419978141785,0,1,1
295,sample_000295,1,-0.0002817055210471153,0.2646792232990265,0.5658553838729858,1,1,1
296,sample_000296,1,0.47250989079475403,-0.14214375615119934,0.3509983420372009,0,0,0
297,sample_000297,1,0.29068103432655334,0.015471132472157478,0.4316285252571106,0,1,1
298,sample_000298,1,0.17689815163612366,0.11906736344099045,0.4855463206768036,0,1,1
299,sample_000299,1,0.45431065559387207,-0.1309148073196411,0.3577311038970947,0,1,0
300,sample_000300,1,0.09308493882417679,0.183208167552948,0.5225155353546143,1,1,1
301,sample_000301,1,-0.11597894877195358,0.35619020462036133,0.6158970594406128,1,1,1
302,sample_000302,1,0.46083202958106995,-0.1364550143480301,0.35496461391448975,0,0,0
303,sample_000303,1,-0.17833799123764038,0.3965223431587219,0.6398839354515076,1,1,1
304,sample_000304,1,-0.010175079107284546,0.2691974937915802,0.5693924427032471,1,1,1
305,sample_000305,1,0.38432571291923523,-0.061507128179073334,0.3903520405292511,0,1,1
306,sample_000306,1,-0.07599818706512451,0.306420236825943,0.5944562554359436,1,1,1
307,sample_000307,1,0.014832321554422379,0.23883788287639618,0.5557683706283569,1,1,1
308,sample_000308,1,-0.12361539900302887,0.3487831950187683,0.6159513592720032,1,1,1
309,sample_000309,1,-0.27403825521469116,0.49551308155059814,0.6834238171577454,1,1,1
310,sample_000310,1,-0.263873428106308,0.4727340042591095,0.6762535572052002,1,1,1
311,sample_000311,1,0.16720956563949585,0.11373676359653473,0.4866349995136261,0,1,1
312,sample_000312,1,0.007498628925532103,0.2545124590396881,0.5614413619041443,1,1,1
313,sample_000313,1,0.27602195739746094,0.033813074231147766,0.4397420585155487,0,1,1
314,sample_000314,1,-0.14644400775432587,0.38967880606651306,0.6309100389480591,1,1,1
315,sample_000315,1,-0.34272998571395874,0.5418601632118225,0.7077725529670715,1,1,1
316,sample_000316,1,-0.37789884209632874,0.5665015578269958,0.719987690448761,1,1,1
317,sample_000317,1,-0.37182292342185974,0.5626693964004517,0.7179858088493347,1,1,1
318,sample_000318,1,0.3722889721393585,-0.06735775619745255,0.3918251693248749,0,1,1
319,sample_000319,1,0.26010140776634216,0.053563810884952545,0.4485483765602112,0,1,1
320,sample_000320,1,0.1295379400253296,0.15963295102119446,0.5075231790542603,1,1,1
321,sample_000321,1,0.1566499024629593,0.13134515285491943,0.4936741292476654,0,1,1
322,sample_000322,1,-0.22861695289611816,0.4451010823249817,0.662335216999054,1,1,1
323,sample_000323,1,-0.05958832427859306,0.31612202525138855,0.5928381085395813,1,1,1
324,sample_000324,1,0.2803296446800232,0.03031950071454048,0.43782100081443787,0,1,1
325,sample_000325,1,-0.3859882950782776,0.5857633352279663,0.7254684567451477,1,1,1
326,sample_000326,1,-0.46307796239852905,0.6441302299499512,0.7516082525253296,1,1,1
327,sample_000327,1,-0.2717455327510834,0.4864342212677002,0.6809583902359009,1,1,1
328,sample_000328,1,0.4508498013019562,-0.12275636941194534,0.36040517687797546,0,1,1
329,sample_000329,1,0.23536111414432526,0.06758521497249603,0.4581541121006012,0,1,1
330,sample_000330,1,-0.21998266875743866,0.437622994184494,0.6587223410606384,1,1,1
331,sample_000331,1,-0.3889487683773041,0.5821368098258972,0.7253358364105225,1,1,1
332,sample_000332,1,-0.09269928932189941,0.3354981243610382,0.6054431796073914,1,1,1
333,sample_000333,1,-0.15783917903900146,0.37755286693573,0.6307398676872253,1,1,1
334,sample_000334,1,0.23178979754447937,0.061290860176086426,0.45747819542884827,0,1,1
335,sample_000335,1,-0.16037186980247498,0.3847666084766388,0.6330069303512573,1,1,1
336,sample_000336,1,-0.09350769966840744,0.32721900939941406,0.6036571264266968,1,1,1
337,sample_000337,1,0.4986264407634735,-0.17225898802280426,0.33829858899116516,0,0,0
338,sample_000338,1,0.0649154856801033,0.20971877872943878,0.5361377000808716,1,1,1
339,sample_000339,1,-0.012777662836015224,0.2625259757041931,0.5683944821357727,1,1,1
340,sample_000340,1,0.15685896575450897,0.13220684230327606,0.49383726716041565,0,1,1
341,sample_000341,1,0.2441502809524536,0.05762954428792,0.4535045325756073,0,1,1
342,sample_000342,1,-0.44589170813560486,0.6363849639892578,0.7469245195388794,1,1,1
343,sample_000343,1,-0.45922964811325073,0.6421202421188354,0.750512957572937,1,1,1
344,sample_000344,1,0.0391663983464241,0.22989003360271454,0.5475369095802307,1,1,1
345,sample_000345,1,0.28414225578308105,0.013637813739478588,0.4327832758426666,0,1,1
346,sample_000346,1,-0.2646051347255707,0.4832315742969513,0.6787071824073792,1,1,1
347,sample_000347,1,-0.27934208512306213,0.49371662735939026,0.6841821670532227,1,1,1
348,sample_000348,1,0.0021643447689712048,0.25513002276420593,0.5629063248634338,1,1,1
349,sample_000349,1,0.09951087832450867,0.1785522699356079,0.5197500586509705,1,1,1
350,sample_000350,1,-0.3980494439601898,0.5845381617546082,0.72762131690979,1,1,1
351,sample_000351,1,0.2028207778930664,0.09198702871799469,0.4723198711872101,0,1,1
352,sample_000352,1,-0.17791743576526642,0.4014080762863159,0.6409121751785278,1,1,1
353,sample_000353,1,-0.2641550302505493,0.4747198224067688,0.6767497658729553,1,1,1
354,sample_000354,1,-0.25814947485923767,0.4627535045146942,0.6728058457374573,1,1,1
355,sample_000355,1,-0.45043352246284485,0.6386104226112366,0.7482016682624817,1,1,1
356,sample_000356,1,-0.30163925886154175,0.5057385563850403,0.6915504336357117,1,1,1
357,sample_000357,1,0.01679302379488945,0.25307196378707886,0.5587964653968811,1,1,1
358,sample_000358,1,0.262033075094223,0.035597629845142365,0.44363176822662354,0,1,1
359,sample_000359,1,0.5586677193641663,-0.22325299680233002,0.31390607357025146,0,0,0
360,sample_000360,1,-0.22459734976291656,0.45046576857566833,0.6626359224319458,1,1,1
361,sample_000361,1,0.2877482771873474,0.015080646611750126,0.43225228786468506,0,1,1
362,sample_000362,1,-0.27455899119377136,0.4862372875213623,0.6815266013145447,1,1,1
363,sample_000363,1,-0.41876402497291565,0.6078993678092957,0.7362685799598694,1,1,1
364,sample_000364,1,-0.49232107400894165,0.6735634207725525,0.7624002695083618,1,1,1
365,sample_000365,1,-0.015349053777754307,0.2725001573562622,0.5714695453643799,1,1,1
366,sample_000366,1,-0.41125789284706116,0.5985514521598816,0.7329828143119812,1,1,1
367,sample_000367,1,0.5765446424484253,-0.24240809679031372,0.3059859871864319,0,0,0
368,sample_000368,1,0.5822571516036987,-0.24142475426197052,0.30498266220092773,0,0,0
369,sample_000369,1,0.04027211666107178,0.2341497242450714,0.5483181476593018,1,1,1
370,sample_000370,1,0.49393969774246216,-0.16745221614837646,0.3404270112514496,0,0,0
371,sample_000371,1,0.5103456974029541,-0.19278287887573242,0.33111894130706787,0,0,0
372,sample_000372,1,-0.1204497367143631,0.36132392287254333,0.6181666254997253,1,1,1
373,sample_000373,1,-0.2443988025188446,0.4551396369934082,0.6680854558944702,1,1,1
374,sample_000374,1,0.3535153865814209,-0.038413312286138535,0.40325310826301575,0,1,1
375,sample_000375,1,-0.5560839176177979,0.7459481358528137,0.7861767411231995,1,1,1
376,sample_000376,1,-0.17285490036010742,0.4039725661277771,0.6403371095657349,1,1,1
377,sample_000377,1,0.24379152059555054,0.041490428149700165,0.44959649443626404,0,1,1
378,sample_000378,1,0.15226297080516815,0.11664833873510361,0.4910973012447357,0,1,1
379,sample_000379,1,-0.5362723469734192,0.7327138781547546,0.7805691361427307,1,1,1
380,sample_000380,1,-0.12675710022449493,0.3600510060787201,0.619354248046875,1,1,1
381,sample_000381,1,-0.4960927367210388,0.6791579723358154,0.7640928030014038,1,1,1
382,sample_000382,1,0.5617852210998535,-0.21172600984573364,0.3157200515270233,0,0,0
383,sample_000383,1,0.29874587059020996,-0.010146538726985455,0.4233851134777069,0,1,1
384,sample_000384,1,-0.0917612835764885,0.33461466431617737,0.6050079464912415,1,1,1
385,sample_000385,1,-0.12779733538627625,0.3798806667327881,0.6242619752883911,1,1,1
386,sample_000386,1,-0.2562834322452545,0.46545904874801636,0.672990620136261,1,1,1
387,sample_000387,1,-0.22275643050670624,0.4424949288368225,0.6604390740394592,1,1,1
388,sample_000388,1,0.37435245513916016,-0.04449738934636116,0.3967919945716858,0,1,1
389,sample_000389,1,-0.3198116421699524,0.5204954743385315,0.6985298991203308,1,1,1
390,sample_000390,1,0.2633820176124573,0.0470321848988533,0.44612252712249756,0,1,1
391,sample_000391,1,-0.09036023169755936,0.31868353486061096,0.6008585691452026,1,1,1
392,sample_000392,1,0.29040417075157166,0.014924464747309685,0.43156230449676514,0,1,1
393,sample_000393,1,-0.16790363192558289,0.4024635851383209,0.6388478875160217,1,1,1
394,sample_000394,1,-0.23064450919628143,0.4431554973125458,0.662353515625,1,1,1
395,sample_000395,1,0.20838192105293274,0.09517286717891693,0.4717279374599457,0,1,1
396,sample_000396,1,-0.25868862867355347,0.4731983244419098,0.6752192378044128,1,1,1
397,sample_000397,1,-0.3234330117702484,0.5263893008232117,0.7005298137664795,1,1,1
398,sample_000398,1,-0.4141497313976288,0.6059828996658325,0.7349984645843506,1,1,1
399,sample_000399,1,2.5275847292505205e-05,0.26244279742240906,0.5652304887771606,1,1,1
400,sample_000400,1,0.2619899809360504,0.03342171758413315,0.44310542941093445,0,1,1
401,sample_000401,1,0.17752982676029205,0.11069826036691666,0.48329830169677734,0,1,1
402,sample_000402,1,0.33525294065475464,-0.021636487916111946,0.41171273589134216,0,1,1
403,sample_000403,1,0.1865604817867279,0.1047053411602974,0.4795476496219635,0,1,1
404,sample_000404,1,-0.29436811804771423,0.5096535682678223,0.690834105014801,1,1,1
405,sample_000405,1,-0.1746133416891098,0.4079861044883728,0.6416653394699097,1,1,1
406,sample_000406,1,-0.3204110860824585,0.5302643775939941,0.70070880651474,1,1,1
407,sample_000407,1,0.20078633725643158,0.0923759937286377,0.4729239344596863,0,1,1
408,sample_000408,1,-0.03099306859076023,0.27964717149734497,0.577041506767273,1,1,1
409,sample_000409,1,-0.14211046695709229,0.37508252263069153,0.626491129398346,1,1,1
410,sample_000410,1,-0.15484492480754852,0.39431747794151306,0.6339412331581116,1,1,1
411,sample_000411,1,-0.1839059442281723,0.3985522389411926,0.6416328549385071,1,1,1
412,sample_000412,1,0.5573717355728149,-0.22325754165649414,0.3141842782497406,0,0,0
413,sample_000413,1,0.34661173820495605,-0.03463779389858246,0.40582555532455444,0,1,1
414,sample_000414,1,-0.33271440863609314,0.5265037417411804,0.7024972438812256,1,1,1
415,sample_000415,1,0.23371268808841705,0.0611276812851429,0.4569605588912964,0,1,1
416,sample_000416,1,-0.11737043410539627,0.36365610361099243,0.617990255355835,1,1,1
417,sample_000417,1,-0.11397261172533035,0.3459430932998657,0.6129941344261169,1,1,1
418,sample_000418,1,0.06685565412044525,0.21036870777606964,0.5358167886734009,1,1,1
419,sample_000419,1,0.0616777203977108,0.2011401355266571,0.5348091721534729,1,1,1
420,sample_000420,1,0.3304544687271118,-0.015205392614006996,0.4144352972507477,0,1,1
421,sample_000421,1,0.4869382977485657,-0.15841715037822723,0.34403690695762634,0,0,0
422,sample_000422,1,0.49551740288734436,-0.17095361649990082,0.3392874598503113,0,0,0
423,sample_000423,1,-0.08602344989776611,0.33256995677948,0.6031466126441956,1,1,1
424,sample_000424,1,-0.2691397964954376,0.479621946811676,0.6789088845252991,1,1,1
425,sample_000425,1,-0.13860772550106049,0.38172483444213867,0.6272255182266235,1,1,1
426,sample_000426,1,-0.2817399501800537,0.48272788524627686,0.6823229789733887,1,1,1
427,sample_000427,1,-0.5727208256721497,0.7547458410263062,0.7904212474822998,1,1,1
428,sample_000428,1,-0.039306312799453735,0.2780260145664215,0.5786739587783813,1,1,1
429,sample_000429,1,0.45071476697921753,-0.1271141916513443,0.3594323396682739,0,1,1
430,sample_000430,1,-0.38163048028945923,0.5728948712348938,0.7220243215560913,1,1,1
431,sample_000431,1,-0.07044433057308197,0.3105629086494446,0.5941160321235657,1,1,1
432,sample_000432,1,-0.3192303478717804,0.5225340127944946,0.6988366842269897,1,1,1
433,sample_000433,1,-0.2547048330307007,0.46095287799835205,0.6716501116752625,1,1,1
434,sample_000434,1,0.23387044668197632,0.05745457485318184,0.4560100734233856,0,1,1
435,sample_000435,1,-0.155587837100029,0.37456315755844116,0.6295183300971985,1,1,1
436,sample_000436,1,-0.34247496724128723,0.5365152359008789,0.7066128849983215,1,1,1
437,sample_000437,1,-0.0018072372768074274,0.25443825125694275,0.5637131333351135,1,1,1
438,sample_000438,1,0.0959431454539299,0.16906502842903137,0.518272340297699,1,1,1
439,sample_000439,1,0.3737158477306366,-0.068564273416996,0.3911978304386139,0,1,1
440,sample_000440,1,-0.1842939406633377,0.407897025346756,0.6438676714897156,1,1,1
441,sample_000441,1,0.04818487912416458,0.20952770113945007,0.540248453617096,1,1,1
442,sample_000442,1,-0.45654624700546265,0.6437289118766785,0.7503116726875305,1,1,1
443,sample_000443,1,-0.031182436272501945,0.2897081673145294,0.5795412659645081,1,1,1
444,sample_000444,1,-0.2959175407886505,0.4992005228996277,0.6889292597770691,1,1,1
445,sample_000445,1,-0.19548989832401276,0.41016384959220886,0.6469487547874451,1,1,1
446,sample_000446,1,0.16604958474636078,0.12110020220279694,0.48876455426216125,0,1,1
447,sample_000447,1,0.014526930637657642,0.23286394774913788,0.5543684363365173,1,1,1
448,sample_000448,1,-0.14045962691307068,0.37208500504493713,0.6254028081893921,1,1,1
449,sample_000449,1,-0.03612614795565605,0.2972319424152374,0.5825762152671814,1,1,1
450,sample_000450,1,0.05886247754096985,0.21638123691082,0.5392984747886658,1,1,1
451,sample_000451,1,-0.30865591764450073,0.5116427540779114,0.6942997574806213,1,1,1
452,sample_000452,1,0.03199607878923416,0.2381804883480072,0.5513642430305481,1,1,1
453,sample_000453,1,-0.30374661087989807,0.5021318197250366,0.6912305355072021,1,1,1
454,sample_000454,1,0.3627229630947113,-0.0591973178088665,0.3960573673248291,0,1,1
455,sample_000455,1,0.3342248797416687,-0.0023119128309190273,0.4166509807109833,0,1,1
456,sample_000456,1,-0.11509842425584793,0.34886324405670166,0.6139535903930664,1,1,1
457,sample_000457,1,0.3625478744506836,-0.04443866387009621,0.3996348977088928,0,1,1
458,sample_000458,1,0.22694620490074158,0.07732740789651871,0.462664932012558,0,1,1
459,sample_000459,1,0.07095777243375778,0.19466693699359894,0.5308879613876343,1,1,1
460,sample_000460,1,-0.20397846400737762,0.4192695915699005,0.6509568691253662,1,1,1
461,sample_000461,1,-0.09459486603736877,0.32229241728782654,0.6027381420135498,1,1,1
462,sample_000462,1,-0.2558141052722931,0.4719589352607727,0.67431640625,1,1,1
463,sample_000463,1,-0.3823239207267761,0.5848718285560608,0.7245602011680603,1,1,1
464,sample_000464,1,-0.23383451998233795,0.44785276055336,0.6641151905059814,1,1,1
465,sample_000465,1,0.022527476772665977,0.23772114515304565,0.5535917282104492,1,1,1
466,sample_000466,1,0.6718500852584839,-0.32586124539375305,0.26939165592193604,0,0,0
467,sample_000467,1,0.19205427169799805,0.09093472361564636,0.4747416377067566,0,1,1
468,sample_000468,1,-0.31913819909095764,0.5252254605293274,0.6993834376335144,1,1,1
469,sample_000469,1,0.03550691530108452,0.22340817749500275,0.5468376278877258,1,1,1
470,sample_000470,1,-0.1277107447385788,0.36217185854911804,0.6200788021087646,1,1,1
471,sample_000471,1,-0.2499508410692215,0.4594225287437439,0.6702626347541809,1,1,1
472,sample_000472,1,-0.13150125741958618,0.35915884375572205,0.6202619075775146,1,1,1
473,sample_000473,1,-0.49506524205207825,0.6755902171134949,0.7632635235786438,1,1,1
474,sample_000474,1,-0.3007911741733551,0.5063840746879578,0.6915072202682495,1,1,1
475,sample_000475,1,-0.016744859516620636,0.2578044831752777,0.5682094097137451,1,1,1
476,sample_000476,1,0.04024122282862663,0.22438183426856995,0.5459055304527283,1,1,1
477,sample_000477,1,0.4570411741733551,-0.12102457135915756,0.35937777161598206,0,1,1
478,sample_000478,1,-0.11203597486019135,0.35378700494766235,0.6143946647644043,1,1,1
479,sample_000479,1,-0.23955413699150085,0.4444582760334015,0.6646336317062378,1,1,1
480,sample_000480,1,0.23877400159835815,0.06035524979233742,0.45551326870918274,0,1,1
481,sample_000481,1,-0.021702032536268234,0.28586843609809875,0.5762921571731567,1,1,1
482,sample_000482,1,-0.2650825083255768,0.4685511589050293,0.67560213804245,1,1,1
483,sample_000483,1,-0.16368526220321655,0.38998931646347046,0.6349877119064331,1,1,1
484,sample_000484,1,0.13150589168071747,0.15237194299697876,0.5052163600921631,1,1,1
485,sample_000485,1,0.002804395044222474,0.2579202353954315,0.5634352564811707,1,1,1
486,sample_000486,1,-0.4132315516471863,0.600968599319458,0.7338413596153259,1,1,1
487,sample_000487,1,0.15201877057552338,0.13703791797161102,0.4962548315525055,0,1,1
488,sample_000488,1,0.06253176927566528,0.21206308901309967,0.5373133420944214,1,1,1
489,sample_000489,1,0.5894043445587158,-0.24850644171237946,0.30197498202323914,0,0,0
490,sample_000490,1,0.48996996879577637,-0.16701877117156982,0.3414163589477539,0,0,0
491,sample_000491,1,0.4562933146953583,-0.12634164094924927,0.3583265244960785,0,1,1
492,sample_000492,1,0.22910498082637787,0.07502854615449905,0.46155694127082825,0,1,1
493,sample_000493,1,-0.3366066515445709,0.5312031507492065,0.7042897343635559,1,1,1
494,sample_000494,1,-0.4042922854423523,0.5929678082466125,0.7305194735527039,1,1,1
495,sample_000495,1,-0.27880287170410156,0.48606380820274353,0.682409405708313,1,1,1
496,sample_000496,1,-0.34732508659362793,0.5521578788757324,0.7108432650566101,1,1,1
497,sample_000497,1,-0.42542052268981934,0.6108556985855103,0.7381308674812317,1,1,1
498,sample_000498,1,-0.04610562324523926,0.2854234576225281,0.5821313858032227,1,1,1
499,sample_000499,1,-0.07387783378362656,0.3197554051876068,0.5971570014953613,1,1,1
500,sample_000500,1,-0.08325804024934769,0.32568106055259705,0.6008334755897522,1,1,1
501,sample_000501,1,0.38732975721359253,-0.06979963183403015,0.38766705989837646,0,1,1
502,sample_000502,1,-0.30603548884391785,0.5053339004516602,0.6924012303352356,1,1,1
503,sample_000503,1,-0.4974413514137268,0.6810030341148376,0.7646679878234863,1,1,1
504,sample_000504,1,-0.30556854605674744,0.5076918005943298,0.6928038001060486,1,1,1
505,sample_000505,1,-0.09860771894454956,0.3440459072589874,0.6088911294937134,1,1,1
506,sample_000506,1,-0.2877430021762848,0.5003789067268372,0.6874279379844666,1,1,1
507,sample_000507,1,-0.024148549884557724,0.2797677218914032,0.5753995776176453,1,1,1
508,sample_000508,1,0.10980941355228424,0.17256326973438263,0.5156832933425903,1,1,1
509,sample_000509,1,0.469190388917923,-0.13472318649291992,0.3534488379955292,0,0,0
510,sample_000510,1,-0.18102744221687317,0.39543771743774414,0.6402536034584045,1,1,1
511,sample_000511,1,-0.2692703604698181,0.4909897744655609,0.6814101934432983,1,1,1
512,sample_000512,1,-0.11022882163524628,0.3600552976131439,0.6154509782791138,1,1,1
513,sample_000513,1,-0.3458198010921478,0.5405956506729126,0.7081499099731445,1,1,1
514,sample_000514,1,0.38846832513809204,-0.07102328538894653,0.38710644841194153,0,1,1
515,sample_000515,1,-0.44120949506759644,0.6251686215400696,0.7439075708389282,1,1,1
516,sample_000516,1,0.06572426855564117,0.21352669596672058,0.5368834733963013,1,1,1
517,sample_000517,1,0.21839523315429688,0.07659785449504852,0.46460989117622375,0,1,1
518,sample_000518,1,-0.05647628381848335,0.2948912978172302,0.5869491696357727,1,1,1
519,sample_000519,1,0.1542518436908722,0.11795513331890106,0.4909268319606781,0,1,1
520,sample_000520,1,0.0850258395075798,0.19474631547927856,0.5274026393890381,1,1,1
521,sample_000521,1,-0.2920578420162201,0.5071426033973694,0.689803421497345,1,1,1
522,sample_000522,1,0.07872536778450012,0.19437061250209808,0.5288791060447693,1,1,1
523,sample_000523,1,0.1870720386505127,0.10451602935791016,0.47937268018722534,0,1,1
