sample_index,sample_path,target_index,target_label,secure_argmax_class_index,secure_argmax_label,secure_threshold_class_index,secure_threshold_label,prob_class_0,prob_class_1,confidence_margin
0,/data/wyb/pneumoniamnist_imagefolder_subset/val/0/00003.png,0,class_0,0,class_0,0,class_0,0.6206357479095459,0.37936434149742126,0.24127140641212463
1,/data/wyb/pneumoniamnist_imagefolder_subset/val/0/00007.png,0,class_0,1,class_1,0,class_0,0.41522839665412903,0.5847716927528381,0.1695432960987091
2,/data/wyb/pneumoniamnist_imagefolder_subset/val/0/00011.png,0,class_0,0,class_0,0,class_0,0.6582819223403931,0.34171804785728455,0.3165638744831085
3,/data/wyb/pneumoniamnist_imagefolder_subset/val/0/00014.png,0,class_0,0,class_0,0,class_0,0.5885485410690308,0.41145142912864685,0.1770971119403839
4,/data/wyb/pneumoniamnist_imagefolder_subset/val/0/00022.png,0,class_0,0,class_0,0,class_0,0.661017656326294,0.33898237347602844,0.3220352828502655
5,/data/wyb/pneumoniamnist_imagefolder_subset/val/0/00028.png,0,class_0,0,class_0,0,class_0,0.6359728574752808,0.36402708292007446,0.2719457745552063
6,/data/wyb/pneumoniamnist_imagefolder_subset/val/0/00030.png,0,class_0,0,class_0,0,class_0,0.6234862208366394,0.3765137791633606,0.2469724416732788
7,/data/wyb/pneumoniamnist_imagefolder_subset/val/0/00031.png,0,class_0,1,class_1,0,class_0,0.47635307908058167,0.5236468315124512,0.04729375243186951
8,/data/wyb/pneumoniamnist_imagefolder_subset/val/0/00033.png,0,class_0,0,class_0,0,class_0,0.6456941366195679,0.35430586338043213,0.29138827323913574
9,/data/wyb/pneumoniamnist_imagefolder_subset/val/0/00035.png,0,class_0,0,class_0,0,class_0,0.6160515546798706,0.383948415517807,0.2321031391620636
10,/data/wyb/pneumoniamnist_imagefolder_subset/val/0/00037.png,0,class_0,0,class_0,0,class_0,0.6361824870109558,0.3638174831867218,0.272365003824234
11,/data/wyb/pneumoniamnist_imagefolder_subset/val/0/00038.png,0,class_0,0,class_0,0,class_0,0.6550439596176147,0.34495609998703003,0.3100878596305847
12,/data/wyb/pneumoniamnist_imagefolder_subset/val/0/00040.png,0,class_0,0,class_0,0,class_0,0.6131037473678589,0.3868962526321411,0.22620749473571777
13,/data/wyb/pneumoniamnist_imagefolder_subset/val/0/00045.png,0,class_0,0,class_0,0,class_0,0.6125509738922119,0.3874490261077881,0.22510194778442383
14,/data/wyb/pneumoniamnist_imagefolder_subset/val/0/00046.png,0,class_0,0,class_0,0,class_0,0.6661103963851929,0.33388960361480713,0.33222079277038574
15,/data/wyb/pneumoniamnist_imagefolder_subset/val/0/00049.png,0,class_0,0,class_0,0,class_0,0.5040513277053833,0.4959486722946167,0.008102655410766602
16,/data/wyb/pneumoniamnist_imagefolder_subset/val/0/00052.png,0,class_0,0,class_0,0,class_0,0.6406581997871399,0.3593418300151825,0.2813163697719574
17,/data/wyb/pneumoniamnist_imagefolder_subset/val/0/00055.png,0,class_0,1,class_1,1,class_1,0.390331894159317,0.6096681356430054,0.21933624148368835
18,/data/wyb/pneumoniamnist_imagefolder_subset/val/0/00069.png,0,class_0,1,class_1,0,class_0,0.4968937039375305,0.5031063556671143,0.00621265172958374
19,/data/wyb/pneumoniamnist_imagefolder_subset/val/0/00072.png,0,class_0,0,class_0,0,class_0,0.6545279026031494,0.3454720675945282,0.3090558350086212
20,/data/wyb/pneumoniamnist_imagefolder_subset/val/0/00074.png,0,class_0,0,class_0,0,class_0,0.6260314583778381,0.37396854162216187,0.25206291675567627
21,/data/wyb/pneumoniamnist_imagefolder_subset/val/0/00081.png,0,class_0,0,class_0,0,class_0,0.6377845406532288,0.36221542954444885,0.2755691111087799
22,/data/wyb/pneumoniamnist_imagefolder_subset/val/0/00083.png,0,class_0,1,class_1,0,class_0,0.463433176279068,0.5365667939186096,0.07313361763954163
23,/data/wyb/pneumoniamnist_imagefolder_subset/val/0/00090.png,0,class_0,0,class_0,0,class_0,0.6380240321159363,0.3619759678840637,0.27604806423187256
24,/data/wyb/pneumoniamnist_imagefolder_subset/val/0/00093.png,0,class_0,1,class_1,1,class_1,0.3257814049720764,0.6742186546325684,0.34843724966049194
25,/data/wyb/pneumoniamnist_imagefolder_subset/val/0/00106.png,0,class_0,0,class_0,0,class_0,0.6456132531166077,0.35438668727874756,0.2912265658378601
26,/data/wyb/pneumoniamnist_imagefolder_subset/val/0/00114.png,0,class_0,1,class_1,1,class_1,0.33145973086357117,0.6685402989387512,0.33708056807518005
27,/data/wyb/pneumoniamnist_imagefolder_subset/val/0/00118.png,0,class_0,0,class_0,0,class_0,0.6175166368484497,0.3824833035469055,0.2350333333015442
28,/data/wyb/pneumoniamnist_imagefolder_subset/val/0/00124.png,0,class_0,0,class_0,0,class_0,0.6382787823677063,0.3617212176322937,0.2765575647354126
29,/data/wyb/pneumoniamnist_imagefolder_subset/val/0/00130.png,0,class_0,0,class_0,0,class_0,0.6281975507736206,0.37180253863334656,0.25639501214027405
30,/data/wyb/pneumoniamnist_imagefolder_subset/val/0/00131.png,0,class_0,0,class_0,0,class_0,0.6455511450767517,0.3544488549232483,0.2911022901535034
31,/data/wyb/pneumoniamnist_imagefolder_subset/val/0/00132.png,0,class_0,0,class_0,0,class_0,0.6449320316314697,0.35506799817085266,0.28986403346061707
32,/data/wyb/pneumoniamnist_imagefolder_subset/val/0/00135.png,0,class_0,0,class_0,0,class_0,0.632342517375946,0.3676574230194092,0.26468509435653687
33,/data/wyb/pneumoniamnist_imagefolder_subset/val/0/00147.png,0,class_0,1,class_1,1,class_1,0.3511742353439331,0.6488257050514221,0.297651469707489
34,/data/wyb/pneumoniamnist_imagefolder_subset/val/0/00151.png,0,class_0,1,class_1,0,class_0,0.43421509861946106,0.5657848715782166,0.1315697729587555
35,/data/wyb/pneumoniamnist_imagefolder_subset/val/0/00155.png,0,class_0,1,class_1,1,class_1,0.3774760067462921,0.6225240230560303,0.24504801630973816
36,/data/wyb/pneumoniamnist_imagefolder_subset/val/0/00157.png,0,class_0,0,class_0,0,class_0,0.5522825121879578,0.4477175176143646,0.10456499457359314
37,/data/wyb/pneumoniamnist_imagefolder_subset/val/0/00159.png,0,class_0,1,class_1,0,class_0,0.42543479800224304,0.5745651721954346,0.14913037419319153
38,/data/wyb/pneumoniamnist_imagefolder_subset/val/0/00164.png,0,class_0,0,class_0,0,class_0,0.6410911083221436,0.35890892148017883,0.2821821868419647
39,/data/wyb/pneumoniamnist_imagefolder_subset/val/0/00168.png,0,class_0,0,class_0,0,class_0,0.5341311097145081,0.46586883068084717,0.06826227903366089
40,/data/wyb/pneumoniamnist_imagefolder_subset/val/0/00171.png,0,class_0,0,class_0,0,class_0,0.6534485816955566,0.34655144810676575,0.3068971335887909
41,/data/wyb/pneumoniamnist_imagefolder_subset/val/0/00173.png,0,class_0,1,class_1,1,class_1,0.3295363783836365,0.6704636812210083,0.3409273028373718
42,/data/wyb/pneumoniamnist_imagefolder_subset/val/0/00174.png,0,class_0,0,class_0,0,class_0,0.5431364178657532,0.4568636119365692,0.08627280592918396
43,/data/wyb/pneumoniamnist_imagefolder_subset/val/0/00177.png,0,class_0,0,class_0,0,class_0,0.6575340628623962,0.34246590733528137,0.31506815552711487
44,/data/wyb/pneumoniamnist_imagefolder_subset/val/0/00185.png,0,class_0,0,class_0,0,class_0,0.612184464931488,0.38781559467315674,0.2243688702583313
45,/data/wyb/pneumoniamnist_imagefolder_subset/val/0/00189.png,0,class_0,0,class_0,0,class_0,0.6511620283126831,0.3488380014896393,0.3023240268230438
46,/data/wyb/pneumoniamnist_imagefolder_subset/val/0/00190.png,0,class_0,1,class_1,0,class_0,0.42644885182380676,0.5735511183738708,0.1471022665500641
47,/data/wyb/pneumoniamnist_imagefolder_subset/val/0/00192.png,0,class_0,0,class_0,0,class_0,0.6404471397399902,0.35955286026000977,0.28089427947998047
48,/data/wyb/pneumoniamnist_imagefolder_subset/val/0/00193.png,0,class_0,0,class_0,0,class_0,0.6317941546440125,0.36820584535598755,0.2635883092880249
49,/data/wyb/pneumoniamnist_imagefolder_subset/val/0/00198.png,0,class_0,0,class_0,0,class_0,0.6446129679679871,0.35538700222969055,0.2892259657382965
50,/data/wyb/pneumoniamnist_imagefolder_subset/val/0/00199.png,0,class_0,0,class_0,0,class_0,0.6502899527549744,0.3497101068496704,0.30057984590530396
51,/data/wyb/pneumoniamnist_imagefolder_subset/val/0/00201.png,0,class_0,1,class_1,0,class_0,0.39609187841415405,0.603908121585846,0.2078162431716919
52,/data/wyb/pneumoniamnist_imagefolder_subset/val/0/00202.png,0,class_0,0,class_0,0,class_0,0.6445944905281067,0.3554054796695709,0.28918901085853577
53,/data/wyb/pneumoniamnist_imagefolder_subset/val/0/00203.png,0,class_0,1,class_1,1,class_1,0.37136030197143555,0.6286396980285645,0.2572793960571289
54,/data/wyb/pneumoniamnist_imagefolder_subset/val/0/00204.png,0,class_0,0,class_0,0,class_0,0.5642544031143188,0.43574556708335876,0.12850883603096008
55,/data/wyb/pneumoniamnist_imagefolder_subset/val/0/00205.png,0,class_0,0,class_0,0,class_0,0.6529935002326965,0.34700652956962585,0.3059869706630707
56,/data/wyb/pneumoniamnist_imagefolder_subset/val/0/00210.png,0,class_0,1,class_1,1,class_1,0.3612760007381439,0.6387240290641785,0.27744802832603455
57,/data/wyb/pneumoniamnist_imagefolder_subset/val/0/00215.png,0,class_0,1,class_1,0,class_0,0.4900536835193634,0.509946346282959,0.01989266276359558
58,/data/wyb/pneumoniamnist_imagefolder_subset/val/0/00217.png,0,class_0,0,class_0,0,class_0,0.6368634104728699,0.3631366491317749,0.27372676134109497
59,/data/wyb/pneumoniamnist_imagefolder_subset/val/0/00219.png,0,class_0,0,class_0,0,class_0,0.6472961902618408,0.3527037799358368,0.29459241032600403
60,/data/wyb/pneumoniamnist_imagefolder_subset/val/0/00220.png,0,class_0,0,class_0,0,class_0,0.6602978110313416,0.33970218896865845,0.3205956220626831
61,/data/wyb/pneumoniamnist_imagefolder_subset/val/0/00223.png,0,class_0,1,class_1,1,class_1,0.33554700016975403,0.6644530296325684,0.32890602946281433
62,/data/wyb/pneumoniamnist_imagefolder_subset/val/0/00226.png,0,class_0,0,class_0,0,class_0,0.5053761601448059,0.4946238398551941,0.010752320289611816
63,/data/wyb/pneumoniamnist_imagefolder_subset/val/0/00227.png,0,class_0,0,class_0,0,class_0,0.6413133144378662,0.35868674516677856,0.28262656927108765
64,/data/wyb/pneumoniamnist_imagefolder_subset/val/0/00233.png,0,class_0,1,class_1,1,class_1,0.33337312936782837,0.6666268110275269,0.3332536816596985
65,/data/wyb/pneumoniamnist_imagefolder_subset/val/0/00235.png,0,class_0,0,class_0,0,class_0,0.6374028921127319,0.36259713768959045,0.2748057544231415
66,/data/wyb/pneumoniamnist_imagefolder_subset/val/0/00237.png,0,class_0,0,class_0,0,class_0,0.6547477841377258,0.345252126455307,0.3094956576824188
67,/data/wyb/pneumoniamnist_imagefolder_subset/val/0/00248.png,0,class_0,1,class_1,0,class_0,0.4298246502876282,0.5701753497123718,0.14035069942474365
68,/data/wyb/pneumoniamnist_imagefolder_subset/val/0/00251.png,0,class_0,1,class_1,1,class_1,0.3911946713924408,0.6088052988052368,0.21761062741279602
69,/data/wyb/pneumoniamnist_imagefolder_subset/val/0/00252.png,0,class_0,0,class_0,0,class_0,0.5560385584831238,0.443961501121521,0.11207705736160278
70,/data/wyb/pneumoniamnist_imagefolder_subset/val/0/00254.png,0,class_0,1,class_1,1,class_1,0.3472904562950134,0.6527096033096313,0.3054191470146179
71,/data/wyb/pneumoniamnist_imagefolder_subset/val/0/00259.png,0,class_0,0,class_0,0,class_0,0.618433952331543,0.3815660774707794,0.23686787486076355
72,/data/wyb/pneumoniamnist_imagefolder_subset/val/0/00281.png,0,class_0,1,class_1,0,class_0,0.40468624234199524,0.5953137874603271,0.1906275451183319
73,/data/wyb/pneumoniamnist_imagefolder_subset/val/0/00284.png,0,class_0,1,class_1,1,class_1,0.343947172164917,0.656052827835083,0.312105655670166
74,/data/wyb/pneumoniamnist_imagefolder_subset/val/0/00287.png,0,class_0,0,class_0,0,class_0,0.5615756511688232,0.438424289226532,0.12315136194229126
75,/data/wyb/pneumoniamnist_imagefolder_subset/val/0/00288.png,0,class_0,1,class_1,0,class_0,0.44313278794288635,0.5568671822547913,0.11373439431190491
76,/data/wyb/pneumoniamnist_imagefolder_subset/val/0/00293.png,0,class_0,0,class_0,0,class_0,0.6352546811103821,0.36474525928497314,0.27050942182540894
77,/data/wyb/pneumoniamnist_imagefolder_subset/val/0/00295.png,0,class_0,1,class_1,1,class_1,0.35391488671302795,0.6460850834846497,0.2921701967716217
78,/data/wyb/pneumoniamnist_imagefolder_subset/val/0/00296.png,0,class_0,0,class_0,0,class_0,0.6282114386558533,0.3717885911464691,0.25642284750938416
79,/data/wyb/pneumoniamnist_imagefolder_subset/val/0/00298.png,0,class_0,1,class_1,0,class_0,0.44658219814300537,0.5534178018569946,0.10683560371398926
80,/data/wyb/pneumoniamnist_imagefolder_subset/val/0/00299.png,0,class_0,0,class_0,0,class_0,0.5008012056350708,0.49919888377189636,0.0016023218631744385
81,/data/wyb/pneumoniamnist_imagefolder_subset/val/0/00311.png,0,class_0,1,class_1,1,class_1,0.3695048987865448,0.6304951310157776,0.2609902322292328
82,/data/wyb/pneumoniamnist_imagefolder_subset/val/0/00312.png,0,class_0,0,class_0,0,class_0,0.5763706564903259,0.4236293435096741,0.15274131298065186
83,/data/wyb/pneumoniamnist_imagefolder_subset/val/0/00326.png,0,class_0,0,class_0,0,class_0,0.6489375233650208,0.35106250643730164,0.2978750169277191
84,/data/wyb/pneumoniamnist_imagefolder_subset/val/0/00329.png,0,class_0,1,class_1,0,class_0,0.40348249673843384,0.5965175032615662,0.19303500652313232
85,/data/wyb/pneumoniamnist_imagefolder_subset/val/0/00334.png,0,class_0,0,class_0,0,class_0,0.6448459029197693,0.3551541566848755,0.2896917462348938
86,/data/wyb/pneumoniamnist_imagefolder_subset/val/0/00335.png,0,class_0,0,class_0,0,class_0,0.5933862328529358,0.4066137671470642,0.18677246570587158
87,/data/wyb/pneumoniamnist_imagefolder_subset/val/0/00336.png,0,class_0,1,class_1,0,class_0,0.4126942455768585,0.5873057842254639,0.17461153864860535
88,/data/wyb/pneumoniamnist_imagefolder_subset/val/0/00340.png,0,class_0,0,class_0,0,class_0,0.5035899877548218,0.4964100420475006,0.007179945707321167
89,/data/wyb/pneumoniamnist_imagefolder_subset/val/0/00349.png,0,class_0,0,class_0,0,class_0,0.6238189339637756,0.376181036233902,0.24763789772987366
90,/data/wyb/pneumoniamnist_imagefolder_subset/val/0/00353.png,0,class_0,1,class_1,0,class_0,0.4375765025615692,0.5624235272407532,0.12484702467918396
91,/data/wyb/pneumoniamnist_imagefolder_subset/val/0/00354.png,0,class_0,0,class_0,0,class_0,0.5984998941421509,0.4015001058578491,0.19699978828430176
92,/data/wyb/pneumoniamnist_imagefolder_subset/val/0/00358.png,0,class_0,0,class_0,0,class_0,0.6508931517601013,0.34910690784454346,0.30178624391555786
93,/data/wyb/pneumoniamnist_imagefolder_subset/val/0/00360.png,0,class_0,0,class_0,0,class_0,0.581680178642273,0.41831979155540466,0.1633603870868683
94,/data/wyb/pneumoniamnist_imagefolder_subset/val/0/00365.png,0,class_0,1,class_1,1,class_1,0.3424784541130066,0.6575214862823486,0.31504303216934204
95,/data/wyb/pneumoniamnist_imagefolder_subset/val/0/00366.png,0,class_0,0,class_0,0,class_0,0.5691316723823547,0.4308682680130005,0.13826340436935425
96,/data/wyb/pneumoniamnist_imagefolder_subset/val/0/00378.png,0,class_0,0,class_0,0,class_0,0.5618292093276978,0.438170850276947,0.12365835905075073
97,/data/wyb/pneumoniamnist_imagefolder_subset/val/0/00382.png,0,class_0,0,class_0,0,class_0,0.5893757343292236,0.410624235868454,0.17875149846076965
98,/data/wyb/pneumoniamnist_imagefolder_subset/val/0/00383.png,0,class_0,0,class_0,0,class_0,0.6078073382377625,0.39219263195991516,0.2156147062778473
99,/data/wyb/pneumoniamnist_imagefolder_subset/val/0/00388.png,0,class_0,0,class_0,0,class_0,0.6337764263153076,0.3662235140800476,0.26755291223526
100,/data/wyb/pneumoniamnist_imagefolder_subset/val/0/00392.png,0,class_0,1,class_1,0,class_0,0.42116472125053406,0.5788352489471436,0.1576705276966095
101,/data/wyb/pneumoniamnist_imagefolder_subset/val/0/00395.png,0,class_0,0,class_0,0,class_0,0.6377643346786499,0.3622356653213501,0.2755286693572998
102,/data/wyb/pneumoniamnist_imagefolder_subset/val/0/00403.png,0,class_0,0,class_0,0,class_0,0.6396642327308655,0.3603357970714569,0.27932843565940857
103,/data/wyb/pneumoniamnist_imagefolder_subset/val/0/00406.png,0,class_0,0,class_0,0,class_0,0.653029203414917,0.3469707667827606,0.30605843663215637
104,/data/wyb/pneumoniamnist_imagefolder_subset/val/0/00409.png,0,class_0,1,class_1,0,class_0,0.39587852358818054,0.6041214466094971,0.20824292302131653
105,/data/wyb/pneumoniamnist_imagefolder_subset/val/0/00411.png,0,class_0,0,class_0,0,class_0,0.6611430644989014,0.338856965303421,0.32228609919548035
106,/data/wyb/pneumoniamnist_imagefolder_subset/val/0/00416.png,0,class_0,1,class_1,1,class_1,0.3441982567310333,0.6558017730712891,0.31160351634025574
107,/data/wyb/pneumoniamnist_imagefolder_subset/val/0/00417.png,0,class_0,1,class_1,1,class_1,0.35755524039268494,0.6424447298049927,0.28488948941230774
108,/data/wyb/pneumoniamnist_imagefolder_subset/val/0/00420.png,0,class_0,0,class_0,0,class_0,0.6558350324630737,0.34416499733924866,0.3116700351238251
109,/data/wyb/pneumoniamnist_imagefolder_subset/val/0/00424.png,0,class_0,0,class_0,0,class_0,0.6467772722244263,0.35322269797325134,0.2935545742511749
110,/data/wyb/pneumoniamnist_imagefolder_subset/val/0/00429.png,0,class_0,1,class_1,1,class_1,0.34912267327308655,0.6508772969245911,0.3017546236515045
111,/data/wyb/pneumoniamnist_imagefolder_subset/val/0/00433.png,0,class_0,0,class_0,0,class_0,0.5723912715911865,0.4276086688041687,0.14478260278701782
112,/data/wyb/pneumoniamnist_imagefolder_subset/val/0/00437.png,0,class_0,1,class_1,1,class_1,0.352335125207901,0.6476649045944214,0.2953297793865204
113,/data/wyb/pneumoniamnist_imagefolder_subset/val/0/00438.png,0,class_0,0,class_0,0,class_0,0.5811255574226379,0.4188744127750397,0.16225114464759827
114,/data/wyb/pneumoniamnist_imagefolder_subset/val/0/00454.png,0,class_0,0,class_0,0,class_0,0.5954157114028931,0.40458425879478455,0.19083145260810852
115,/data/wyb/pneumoniamnist_imagefolder_subset/val/0/00455.png,0,class_0,0,class_0,0,class_0,0.5515570044517517,0.44844305515289307,0.10311394929885864
116,/data/wyb/pneumoniamnist_imagefolder_subset/val/0/00456.png,0,class_0,1,class_1,1,class_1,0.33242934942245483,0.6675705909729004,0.33514124155044556
117,/data/wyb/pneumoniamnist_imagefolder_subset/val/0/00459.png,0,class_0,0,class_0,0,class_0,0.6205627918243408,0.3794371485710144,0.24112564325332642
118,/data/wyb/pneumoniamnist_imagefolder_subset/val/0/00463.png,0,class_0,0,class_0,0,class_0,0.5966039896011353,0.40339601039886475,0.1932079792022705
119,/data/wyb/pneumoniamnist_imagefolder_subset/val/0/00471.png,0,class_0,0,class_0,0,class_0,0.6607992053031921,0.3392007648944855,0.32159844040870667
120,/data/wyb/pneumoniamnist_imagefolder_subset/val/0/00476.png,0,class_0,0,class_0,0,class_0,0.5605869889259338,0.43941304087638855,0.12117394804954529
121,/data/wyb/pneumoniamnist_imagefolder_subset/val/0/00478.png,0,class_0,0,class_0,0,class_0,0.6452782154083252,0.3547217547893524,0.2905564606189728
122,/data/wyb/pneumoniamnist_imagefolder_subset/val/0/00479.png,0,class_0,1,class_1,1,class_1,0.33912280201911926,0.6608771681785583,0.3217543661594391
123,/data/wyb/pneumoniamnist_imagefolder_subset/val/0/00483.png,0,class_0,0,class_0,0,class_0,0.6410692930221558,0.35893070697784424,0.2821385860443115
124,/data/wyb/pneumoniamnist_imagefolder_subset/val/0/00484.png,0,class_0,0,class_0,0,class_0,0.6386502385139465,0.36134976148605347,0.27730047702789307
125,/data/wyb/pneumoniamnist_imagefolder_subset/val/0/00490.png,0,class_0,0,class_0,0,class_0,0.5231928825378418,0.4768071174621582,0.046385765075683594
126,/data/wyb/pneumoniamnist_imagefolder_subset/val/0/00491.png,0,class_0,0,class_0,0,class_0,0.6304406523704529,0.36955931782722473,0.26088133454322815
127,/data/wyb/pneumoniamnist_imagefolder_subset/val/0/00496.png,0,class_0,0,class_0,0,class_0,0.6167078614234924,0.38329222798347473,0.2334156334400177
128,/data/wyb/pneumoniamnist_imagefolder_subset/val/0/00498.png,0,class_0,0,class_0,0,class_0,0.6459137201309204,0.3540862500667572,0.2918274700641632
129,/data/wyb/pneumoniamnist_imagefolder_subset/val/0/00500.png,0,class_0,0,class_0,0,class_0,0.6550005674362183,0.34499940276145935,0.3100011646747589
130,/data/wyb/pneumoniamnist_imagefolder_subset/val/0/00502.png,0,class_0,1,class_1,0,class_0,0.4959021210670471,0.5040978789329529,0.008195757865905762
131,/data/wyb/pneumoniamnist_imagefolder_subset/val/0/00505.png,0,class_0,0,class_0,0,class_0,0.6573752760887146,0.3426247835159302,0.3147504925727844
132,/data/wyb/pneumoniamnist_imagefolder_subset/val/0/00509.png,0,class_0,0,class_0,0,class_0,0.6230506300926208,0.37694936990737915,0.2461012601852417
133,/data/wyb/pneumoniamnist_imagefolder_subset/val/0/00519.png,0,class_0,0,class_0,0,class_0,0.5071729421615601,0.49282705783843994,0.014345884323120117
134,/data/wyb/pneumoniamnist_imagefolder_subset/val/0/00522.png,0,class_0,0,class_0,0,class_0,0.6105139255523682,0.38948604464530945,0.22102788090705872
135,/data/wyb/pneumoniamnist_imagefolder_subset/val/1/00000.png,1,class_1,1,class_1,1,class_1,0.30708733201026917,0.6929126977920532,0.38582536578178406
136,/data/wyb/pneumoniamnist_imagefolder_subset/val/1/00001.png,1,class_1,0,class_0,0,class_0,0.5160726308822632,0.48392730951309204,0.03214532136917114
137,/data/wyb/pneumoniamnist_imagefolder_subset/val/1/00002.png,1,class_1,1,class_1,1,class_1,0.31958848237991333,0.6804114580154419,0.36082297563552856
138,/data/wyb/pneumoniamnist_imagefolder_subset/val/1/00004.png,1,class_1,1,class_1,1,class_1,0.3222072124481201,0.6777928471565247,0.35558563470840454
139,/data/wyb/pneumoniamnist_imagefolder_subset/val/1/00005.png,1,class_1,1,class_1,1,class_1,0.33810558915138245,0.6618944406509399,0.3237888514995575
140,/data/wyb/pneumoniamnist_imagefolder_subset/val/1/00006.png,1,class_1,1,class_1,1,class_1,0.31816744804382324,0.6818325519561768,0.3636651039123535
141,/data/wyb/pneumoniamnist_imagefolder_subset/val/1/00008.png,1,class_1,1,class_1,1,class_1,0.3113820254802704,0.688618004322052,0.3772359788417816
142,/data/wyb/pneumoniamnist_imagefolder_subset/val/1/00009.png,1,class_1,0,class_0,0,class_0,0.6321889162063599,0.3678111135959625,0.26437780261039734
143,/data/wyb/pneumoniamnist_imagefolder_subset/val/1/00010.png,1,class_1,1,class_1,1,class_1,0.30763837695121765,0.6923616528511047,0.3847232758998871
144,/data/wyb/pneumoniamnist_imagefolder_subset/val/1/00012.png,1,class_1,1,class_1,1,class_1,0.3141741156578064,0.6858258843421936,0.3716517686843872
145,/data/wyb/pneumoniamnist_imagefolder_subset/val/1/00013.png,1,class_1,1,class_1,1,class_1,0.308214396238327,0.6917856335639954,0.38357123732566833
146,/data/wyb/pneumoniamnist_imagefolder_subset/val/1/00015.png,1,class_1,1,class_1,1,class_1,0.31989628076553345,0.6801037192344666,0.3602074384689331
147,/data/wyb/pneumoniamnist_imagefolder_subset/val/1/00016.png,1,class_1,1,class_1,1,class_1,0.3419816195964813,0.6580184102058411,0.31603679060935974
148,/data/wyb/pneumoniamnist_imagefolder_subset/val/1/00017.png,1,class_1,1,class_1,1,class_1,0.3190085291862488,0.680991530418396,0.3619830012321472
149,/data/wyb/pneumoniamnist_imagefolder_subset/val/1/00018.png,1,class_1,1,class_1,1,class_1,0.3139986991882324,0.6860013008117676,0.37200260162353516
150,/data/wyb/pneumoniamnist_imagefolder_subset/val/1/00019.png,1,class_1,1,class_1,1,class_1,0.3125936985015869,0.6874063014984131,0.37481260299682617
151,/data/wyb/pneumoniamnist_imagefolder_subset/val/1/00020.png,1,class_1,1,class_1,1,class_1,0.3264564871788025,0.6735434532165527,0.34708696603775024
152,/data/wyb/pneumoniamnist_imagefolder_subset/val/1/00021.png,1,class_1,1,class_1,1,class_1,0.3136405050754547,0.6863595247268677,0.37271901965141296
153,/data/wyb/pneumoniamnist_imagefolder_subset/val/1/00023.png,1,class_1,1,class_1,1,class_1,0.31136879324913025,0.6886312365531921,0.3772624433040619
154,/data/wyb/pneumoniamnist_imagefolder_subset/val/1/00024.png,1,class_1,1,class_1,1,class_1,0.3654577434062958,0.6345422267913818,0.26908448338508606
155,/data/wyb/pneumoniamnist_imagefolder_subset/val/1/00025.png,1,class_1,1,class_1,1,class_1,0.3218972384929657,0.6781028509140015,0.35620561242103577
156,/data/wyb/pneumoniamnist_imagefolder_subset/val/1/00026.png,1,class_1,1,class_1,1,class_1,0.33004891872406006,0.6699510812759399,0.3399021625518799
157,/data/wyb/pneumoniamnist_imagefolder_subset/val/1/00027.png,1,class_1,1,class_1,1,class_1,0.3079470098018646,0.692052960395813,0.38410595059394836
158,/data/wyb/pneumoniamnist_imagefolder_subset/val/1/00029.png,1,class_1,1,class_1,1,class_1,0.3183742165565491,0.6816257834434509,0.36325156688690186
159,/data/wyb/pneumoniamnist_imagefolder_subset/val/1/00032.png,1,class_1,1,class_1,1,class_1,0.31781139969825745,0.6821886301040649,0.3643772304058075
160,/data/wyb/pneumoniamnist_imagefolder_subset/val/1/00034.png,1,class_1,1,class_1,0,class_0,0.4048506021499634,0.5951494574546814,0.19029885530471802
161,/data/wyb/pneumoniamnist_imagefolder_subset/val/1/00036.png,1,class_1,1,class_1,1,class_1,0.301731675863266,0.6982682943344116,0.39653661847114563
162,/data/wyb/pneumoniamnist_imagefolder_subset/val/1/00039.png,1,class_1,1,class_1,1,class_1,0.3172823488712311,0.6827176809310913,0.36543533205986023
163,/data/wyb/pneumoniamnist_imagefolder_subset/val/1/00041.png,1,class_1,1,class_1,1,class_1,0.3092005252838135,0.6907995343208313,0.3815990090370178
164,/data/wyb/pneumoniamnist_imagefolder_subset/val/1/00042.png,1,class_1,1,class_1,1,class_1,0.3073418438434601,0.6926581859588623,0.3853163421154022
165,/data/wyb/pneumoniamnist_imagefolder_subset/val/1/00043.png,1,class_1,1,class_1,1,class_1,0.31342563033103943,0.6865743398666382,0.37314870953559875
166,/data/wyb/pneumoniamnist_imagefolder_subset/val/1/00044.png,1,class_1,1,class_1,1,class_1,0.3164912164211273,0.6835087537765503,0.367017537355423
167,/data/wyb/pneumoniamnist_imagefolder_subset/val/1/00047.png,1,class_1,1,class_1,1,class_1,0.32686683535575867,0.673133134841919,0.3462662994861603
168,/data/wyb/pneumoniamnist_imagefolder_subset/val/1/00048.png,1,class_1,1,class_1,1,class_1,0.3178773820400238,0.6821226477622986,0.3642452657222748
169,/data/wyb/pneumoniamnist_imagefolder_subset/val/1/00050.png,1,class_1,1,class_1,1,class_1,0.36399757862091064,0.6360024213790894,0.2720048427581787
170,/data/wyb/pneumoniamnist_imagefolder_subset/val/1/00051.png,1,class_1,1,class_1,1,class_1,0.3110642433166504,0.6889356970787048,0.37787145376205444
171,/data/wyb/pneumoniamnist_imagefolder_subset/val/1/00053.png,1,class_1,1,class_1,1,class_1,0.33483126759529114,0.6651687622070312,0.3303374946117401
172,/data/wyb/pneumoniamnist_imagefolder_subset/val/1/00054.png,1,class_1,1,class_1,1,class_1,0.3220628499984741,0.6779371500015259,0.35587430000305176
173,/data/wyb/pneumoniamnist_imagefolder_subset/val/1/00056.png,1,class_1,1,class_1,1,class_1,0.3374875485897064,0.6625124216079712,0.32502487301826477
174,/data/wyb/pneumoniamnist_imagefolder_subset/val/1/00057.png,1,class_1,1,class_1,1,class_1,0.30780595541000366,0.6921940445899963,0.3843880891799927
175,/data/wyb/pneumoniamnist_imagefolder_subset/val/1/00058.png,1,class_1,1,class_1,1,class_1,0.31501060724258423,0.6849894523620605,0.3699788451194763
176,/data/wyb/pneumoniamnist_imagefolder_subset/val/1/00059.png,1,class_1,1,class_1,1,class_1,0.35644614696502686,0.6435538530349731,0.2871077060699463
177,/data/wyb/pneumoniamnist_imagefolder_subset/val/1/00060.png,1,class_1,1,class_1,1,class_1,0.31327471137046814,0.6867253184318542,0.3734506070613861
178,/data/wyb/pneumoniamnist_imagefolder_subset/val/1/00061.png,1,class_1,1,class_1,1,class_1,0.3103250563144684,0.6896749138832092,0.37934985756874084
179,/data/wyb/pneumoniamnist_imagefolder_subset/val/1/00062.png,1,class_1,1,class_1,1,class_1,0.32952383160591125,0.6704761981964111,0.3409523665904999
180,/data/wyb/pneumoniamnist_imagefolder_subset/val/1/00063.png,1,class_1,1,class_1,1,class_1,0.3123556673526764,0.687644362449646,0.3752886950969696
181,/data/wyb/pneumoniamnist_imagefolder_subset/val/1/00064.png,1,class_1,1,class_1,1,class_1,0.3071563243865967,0.6928436756134033,0.38568735122680664
182,/data/wyb/pneumoniamnist_imagefolder_subset/val/1/00065.png,1,class_1,1,class_1,1,class_1,0.3258056938648224,0.6741942763328552,0.34838858246803284
183,/data/wyb/pneumoniamnist_imagefolder_subset/val/1/00066.png,1,class_1,1,class_1,1,class_1,0.31597211956977844,0.6840278506278992,0.3680557310581207
184,/data/wyb/pneumoniamnist_imagefolder_subset/val/1/00067.png,1,class_1,1,class_1,1,class_1,0.31628599762916565,0.6837140321731567,0.3674280345439911
185,/data/wyb/pneumoniamnist_imagefolder_subset/val/1/00068.png,1,class_1,1,class_1,1,class_1,0.31694158911705017,0.6830583810806274,0.36611679196357727
186,/data/wyb/pneumoniamnist_imagefolder_subset/val/1/00070.png,1,class_1,1,class_1,1,class_1,0.35193008184432983,0.6480699181556702,0.29613983631134033
187,/data/wyb/pneumoniamnist_imagefolder_subset/val/1/00071.png,1,class_1,1,class_1,1,class_1,0.3166830241680145,0.6833169460296631,0.36663392186164856
188,/data/wyb/pneumoniamnist_imagefolder_subset/val/1/00073.png,1,class_1,1,class_1,1,class_1,0.3268499970436096,0.6731500625610352,0.34630006551742554
189,/data/wyb/pneumoniamnist_imagefolder_subset/val/1/00075.png,1,class_1,1,class_1,1,class_1,0.31100183725357056,0.6889981627464294,0.3779963254928589
190,/data/wyb/pneumoniamnist_imagefolder_subset/val/1/00076.png,1,class_1,1,class_1,1,class_1,0.31442728638648987,0.685572624206543,0.3711453378200531
191,/data/wyb/pneumoniamnist_imagefolder_subset/val/1/00077.png,1,class_1,1,class_1,1,class_1,0.32416775822639465,0.675832211971283,0.3516644537448883
192,/data/wyb/pneumoniamnist_imagefolder_subset/val/1/00078.png,1,class_1,1,class_1,1,class_1,0.3127303421497345,0.6872697472572327,0.37453940510749817
193,/data/wyb/pneumoniamnist_imagefolder_subset/val/1/00079.png,1,class_1,1,class_1,1,class_1,0.311642050743103,0.688357949256897,0.37671589851379395
194,/data/wyb/pneumoniamnist_imagefolder_subset/val/1/00080.png,1,class_1,1,class_1,1,class_1,0.30266663432121277,0.6973333954811096,0.39466676115989685
195,/data/wyb/pneumoniamnist_imagefolder_subset/val/1/00082.png,1,class_1,1,class_1,1,class_1,0.3160168528556824,0.6839832067489624,0.36796635389328003
196,/data/wyb/pneumoniamnist_imagefolder_subset/val/1/00084.png,1,class_1,1,class_1,1,class_1,0.3919261395931244,0.608073890209198,0.2161477506160736
197,/data/wyb/pneumoniamnist_imagefolder_subset/val/1/00085.png,1,class_1,1,class_1,1,class_1,0.3149990737438202,0.6850009560585022,0.370001882314682
198,/data/wyb/pneumoniamnist_imagefolder_subset/val/1/00086.png,1,class_1,1,class_1,1,class_1,0.31843987107276917,0.6815601587295532,0.36312028765678406
199,/data/wyb/pneumoniamnist_imagefolder_subset/val/1/00087.png,1,class_1,1,class_1,1,class_1,0.3329498767852783,0.6670501232147217,0.33410024642944336
200,/data/wyb/pneumoniamnist_imagefolder_subset/val/1/00088.png,1,class_1,1,class_1,1,class_1,0.3057449460029602,0.6942550539970398,0.3885101079940796
201,/data/wyb/pneumoniamnist_imagefolder_subset/val/1/00089.png,1,class_1,1,class_1,1,class_1,0.3119053244590759,0.6880947351455688,0.3761894106864929
202,/data/wyb/pneumoniamnist_imagefolder_subset/val/1/00091.png,1,class_1,1,class_1,1,class_1,0.3111478388309479,0.688852071762085,0.3777042329311371
203,/data/wyb/pneumoniamnist_imagefolder_subset/val/1/00092.png,1,class_1,1,class_1,1,class_1,0.3150511682033539,0.6849488019943237,0.36989763379096985
204,/data/wyb/pneumoniamnist_imagefolder_subset/val/1/00094.png,1,class_1,1,class_1,1,class_1,0.299895703792572,0.700104296207428,0.40020859241485596
205,/data/wyb/pneumoniamnist_imagefolder_subset/val/1/00095.png,1,class_1,1,class_1,1,class_1,0.3098434507846832,0.6901565194129944,0.38031306862831116
206,/data/wyb/pneumoniamnist_imagefolder_subset/val/1/00096.png,1,class_1,0,class_0,0,class_0,0.6446784138679504,0.3553216755390167,0.2893567383289337
207,/data/wyb/pneumoniamnist_imagefolder_subset/val/1/00097.png,1,class_1,1,class_1,1,class_1,0.33803790807724,0.6619621515274048,0.3239242434501648
208,/data/wyb/pneumoniamnist_imagefolder_subset/val/1/00098.png,1,class_1,1,class_1,1,class_1,0.3098234534263611,0.6901765465736389,0.38035309314727783
209,/data/wyb/pneumoniamnist_imagefolder_subset/val/1/00099.png,1,class_1,1,class_1,1,class_1,0.3103261888027191,0.6896737813949585,0.3793475925922394
210,/data/wyb/pneumoniamnist_imagefolder_subset/val/1/00100.png,1,class_1,1,class_1,1,class_1,0.31125712394714355,0.6887428164482117,0.3774856925010681
211,/data/wyb/pneumoniamnist_imagefolder_subset/val/1/00101.png,1,class_1,1,class_1,1,class_1,0.3124971389770508,0.6875028610229492,0.37500572204589844
212,/data/wyb/pneumoniamnist_imagefolder_subset/val/1/00102.png,1,class_1,1,class_1,1,class_1,0.3136644661426544,0.6863355040550232,0.3726710379123688
213,/data/wyb/pneumoniamnist_imagefolder_subset/val/1/00103.png,1,class_1,1,class_1,1,class_1,0.3233211040496826,0.6766788959503174,0.35335779190063477
214,/data/wyb/pneumoniamnist_imagefolder_subset/val/1/00104.png,1,class_1,1,class_1,1,class_1,0.3123473525047302,0.687652587890625,0.3753052353858948
215,/data/wyb/pneumoniamnist_imagefolder_subset/val/1/00105.png,1,class_1,1,class_1,1,class_1,0.3117091953754425,0.6882907748222351,0.3765815794467926
216,/data/wyb/pneumoniamnist_imagefolder_subset/val/1/00107.png,1,class_1,1,class_1,1,class_1,0.32452192902565,0.6754780411720276,0.35095611214637756
217,/data/wyb/pneumoniamnist_imagefolder_subset/val/1/00108.png,1,class_1,1,class_1,1,class_1,0.3276306092739105,0.6723694205284119,0.34473881125450134
218,/data/wyb/pneumoniamnist_imagefolder_subset/val/1/00109.png,1,class_1,1,class_1,1,class_1,0.3233897387981415,0.6766103506088257,0.3532206118106842
219,/data/wyb/pneumoniamnist_imagefolder_subset/val/1/00110.png,1,class_1,1,class_1,1,class_1,0.32450684905052185,0.6754931807518005,0.3509863317012787
220,/data/wyb/pneumoniamnist_imagefolder_subset/val/1/00111.png,1,class_1,1,class_1,1,class_1,0.32500287890434265,0.674997091293335,0.3499942123889923
221,/data/wyb/pneumoniamnist_imagefolder_subset/val/1/00112.png,1,class_1,1,class_1,1,class_1,0.3277198076248169,0.6722802519798279,0.344560444355011
222,/data/wyb/pneumoniamnist_imagefolder_subset/val/1/00113.png,1,class_1,1,class_1,1,class_1,0.314328134059906,0.685671865940094,0.371343731880188
223,/data/wyb/pneumoniamnist_imagefolder_subset/val/1/00115.png,1,class_1,1,class_1,1,class_1,0.3590916395187378,0.6409083008766174,0.28181666135787964
224,/data/wyb/pneumoniamnist_imagefolder_subset/val/1/00116.png,1,class_1,1,class_1,1,class_1,0.3326260447502136,0.6673739552497864,0.33474791049957275
225,/data/wyb/pneumoniamnist_imagefolder_subset/val/1/00117.png,1,class_1,1,class_1,1,class_1,0.3316286504268646,0.6683713793754578,0.33674272894859314
226,/data/wyb/pneumoniamnist_imagefolder_subset/val/1/00119.png,1,class_1,1,class_1,1,class_1,0.31136631965637207,0.6886336207389832,0.3772673010826111
227,/data/wyb/pneumoniamnist_imagefolder_subset/val/1/00120.png,1,class_1,1,class_1,1,class_1,0.3663407862186432,0.6336591839790344,0.26731839776039124
228,/data/wyb/pneumoniamnist_imagefolder_subset/val/1/00121.png,1,class_1,1,class_1,1,class_1,0.31835153698921204,0.6816484928131104,0.3632969558238983
229,/data/wyb/pneumoniamnist_imagefolder_subset/val/1/00122.png,1,class_1,1,class_1,1,class_1,0.3250865340232849,0.6749134659767151,0.3498269319534302
230,/data/wyb/pneumoniamnist_imagefolder_subset/val/1/00123.png,1,class_1,1,class_1,1,class_1,0.30924636125564575,0.690753698348999,0.38150733709335327
231,/data/wyb/pneumoniamnist_imagefolder_subset/val/1/00125.png,1,class_1,1,class_1,1,class_1,0.3234917223453522,0.6765083074569702,0.35301658511161804
232,/data/wyb/pneumoniamnist_imagefolder_subset/val/1/00126.png,1,class_1,1,class_1,1,class_1,0.31633898615837097,0.6836609840393066,0.36732199788093567
233,/data/wyb/pneumoniamnist_imagefolder_subset/val/1/00127.png,1,class_1,1,class_1,1,class_1,0.3081631660461426,0.6918368339538574,0.38367366790771484
234,/data/wyb/pneumoniamnist_imagefolder_subset/val/1/00128.png,1,class_1,1,class_1,1,class_1,0.3174099624156952,0.6825900077819824,0.36518004536628723
235,/data/wyb/pneumoniamnist_imagefolder_subset/val/1/00129.png,1,class_1,1,class_1,1,class_1,0.3117743134498596,0.6882256865501404,0.37645137310028076
236,/data/wyb/pneumoniamnist_imagefolder_subset/val/1/00133.png,1,class_1,1,class_1,1,class_1,0.3162517845630646,0.683748185634613,0.36749640107154846
237,/data/wyb/pneumoniamnist_imagefolder_subset/val/1/00134.png,1,class_1,1,class_1,1,class_1,0.3403092920780182,0.6596906781196594,0.31938138604164124
238,/data/wyb/pneumoniamnist_imagefolder_subset/val/1/00136.png,1,class_1,1,class_1,1,class_1,0.33318865299224854,0.6668113470077515,0.33362269401550293
239,/data/wyb/pneumoniamnist_imagefolder_subset/val/1/00137.png,1,class_1,1,class_1,0,class_0,0.42451390624046326,0.5754860639572144,0.1509721577167511
240,/data/wyb/pneumoniamnist_imagefolder_subset/val/1/00138.png,1,class_1,1,class_1,1,class_1,0.3557193875312805,0.6442806124687195,0.28856122493743896
241,/data/wyb/pneumoniamnist_imagefolder_subset/val/1/00139.png,1,class_1,1,class_1,1,class_1,0.3121318221092224,0.6878682374954224,0.37573641538619995
242,/data/wyb/pneumoniamnist_imagefolder_subset/val/1/00140.png,1,class_1,1,class_1,1,class_1,0.3130345046520233,0.6869655251502991,0.37393102049827576
243,/data/wyb/pneumoniamnist_imagefolder_subset/val/1/00141.png,1,class_1,1,class_1,1,class_1,0.3103136122226715,0.6896864175796509,0.37937280535697937
244,/data/wyb/pneumoniamnist_imagefolder_subset/val/1/00142.png,1,class_1,1,class_1,1,class_1,0.341198593378067,0.6588014364242554,0.31760284304618835
245,/data/wyb/pneumoniamnist_imagefolder_subset/val/1/00143.png,1,class_1,1,class_1,1,class_1,0.36446818709373474,0.6355317831039429,0.27106359601020813
246,/data/wyb/pneumoniamnist_imagefolder_subset/val/1/00144.png,1,class_1,1,class_1,1,class_1,0.325109601020813,0.674890398979187,0.349780797958374
247,/data/wyb/pneumoniamnist_imagefolder_subset/val/1/00145.png,1,class_1,1,class_1,1,class_1,0.3139033019542694,0.686096727848053,0.37219342589378357
248,/data/wyb/pneumoniamnist_imagefolder_subset/val/1/00146.png,1,class_1,1,class_1,1,class_1,0.3100843131542206,0.689915657043457,0.37983134388923645
249,/data/wyb/pneumoniamnist_imagefolder_subset/val/1/00148.png,1,class_1,1,class_1,1,class_1,0.32355907559394836,0.6764408946037292,0.3528818190097809
250,/data/wyb/pneumoniamnist_imagefolder_subset/val/1/00149.png,1,class_1,1,class_1,1,class_1,0.3253801465034485,0.6746197938919067,0.34923964738845825
251,/data/wyb/pneumoniamnist_imagefolder_subset/val/1/00150.png,1,class_1,1,class_1,1,class_1,0.3312772810459137,0.6687227487564087,0.337445467710495
252,/data/wyb/pneumoniamnist_imagefolder_subset/val/1/00152.png,1,class_1,1,class_1,1,class_1,0.31105563044548035,0.6889443397521973,0.3778887093067169
253,/data/wyb/pneumoniamnist_imagefolder_subset/val/1/00153.png,1,class_1,1,class_1,1,class_1,0.310430645942688,0.689569354057312,0.379138708114624
254,/data/wyb/pneumoniamnist_imagefolder_subset/val/1/00154.png,1,class_1,1,class_1,1,class_1,0.3301462233066559,0.6698537468910217,0.33970752358436584
255,/data/wyb/pneumoniamnist_imagefolder_subset/val/1/00156.png,1,class_1,1,class_1,1,class_1,0.3304286301136017,0.6695713400840759,0.33914270997047424
256,/data/wyb/pneumoniamnist_imagefolder_subset/val/1/00158.png,1,class_1,1,class_1,1,class_1,0.30612581968307495,0.6938741207122803,0.3877483010292053
257,/data/wyb/pneumoniamnist_imagefolder_subset/val/1/00160.png,1,class_1,1,class_1,1,class_1,0.35125732421875,0.6487427353858948,0.2974854111671448
258,/data/wyb/pneumoniamnist_imagefolder_subset/val/1/00161.png,1,class_1,1,class_1,1,class_1,0.31488457322120667,0.685115396976471,0.3702308237552643
259,/data/wyb/pneumoniamnist_imagefolder_subset/val/1/00162.png,1,class_1,1,class_1,1,class_1,0.3094305396080017,0.6905695199966431,0.38113898038864136
260,/data/wyb/pneumoniamnist_imagefolder_subset/val/1/00163.png,1,class_1,1,class_1,1,class_1,0.3427782654762268,0.6572216749191284,0.3144434094429016
261,/data/wyb/pneumoniamnist_imagefolder_subset/val/1/00165.png,1,class_1,1,class_1,1,class_1,0.3171250820159912,0.6828749775886536,0.36574989557266235
262,/data/wyb/pneumoniamnist_imagefolder_subset/val/1/00166.png,1,class_1,1,class_1,0,class_0,0.41942644119262695,0.580573558807373,0.1611471176147461
263,/data/wyb/pneumoniamnist_imagefolder_subset/val/1/00167.png,1,class_1,1,class_1,1,class_1,0.3175906836986542,0.6824093461036682,0.36481866240501404
264,/data/wyb/pneumoniamnist_imagefolder_subset/val/1/00169.png,1,class_1,1,class_1,1,class_1,0.30829527974128723,0.6917046904563904,0.38340941071510315
265,/data/wyb/pneumoniamnist_imagefolder_subset/val/1/00170.png,1,class_1,1,class_1,0,class_0,0.49666866660118103,0.5033313632011414,0.006662696599960327
266,/data/wyb/pneumoniamnist_imagefolder_subset/val/1/00172.png,1,class_1,1,class_1,1,class_1,0.3253391683101654,0.674660861492157,0.3493216931819916
267,/data/wyb/pneumoniamnist_imagefolder_subset/val/1/00175.png,1,class_1,1,class_1,1,class_1,0.3180598020553589,0.6819401979446411,0.3638803958892822
268,/data/wyb/pneumoniamnist_imagefolder_subset/val/1/00176.png,1,class_1,1,class_1,1,class_1,0.3724505603313446,0.6275494694709778,0.2550989091396332
269,/data/wyb/pneumoniamnist_imagefolder_subset/val/1/00178.png,1,class_1,1,class_1,1,class_1,0.34630799293518066,0.6536919474601746,0.3073839545249939
270,/data/wyb/pneumoniamnist_imagefolder_subset/val/1/00179.png,1,class_1,1,class_1,1,class_1,0.30886346101760864,0.6911365985870361,0.3822731375694275
271,/data/wyb/pneumoniamnist_imagefolder_subset/val/1/00180.png,1,class_1,1,class_1,1,class_1,0.32077309489250183,0.6792269349098206,0.3584538400173187
272,/data/wyb/pneumoniamnist_imagefolder_subset/val/1/00181.png,1,class_1,1,class_1,1,class_1,0.31019824743270874,0.689801812171936,0.3796035647392273
273,/data/wyb/pneumoniamnist_imagefolder_subset/val/1/00182.png,1,class_1,1,class_1,1,class_1,0.3357236981391907,0.6642763018608093,0.32855260372161865
274,/data/wyb/pneumoniamnist_imagefolder_subset/val/1/00183.png,1,class_1,1,class_1,1,class_1,0.3097042143344879,0.6902958154678345,0.38059160113334656
275,/data/wyb/pneumoniamnist_imagefolder_subset/val/1/00184.png,1,class_1,1,class_1,1,class_1,0.3242914080619812,0.6757085919380188,0.3514171838760376
276,/data/wyb/pneumoniamnist_imagefolder_subset/val/1/00186.png,1,class_1,1,class_1,1,class_1,0.38505926728248596,0.6149407029151917,0.2298814356327057
277,/data/wyb/pneumoniamnist_imagefolder_subset/val/1/00187.png,1,class_1,1,class_1,1,class_1,0.3167877793312073,0.6832122206687927,0.36642444133758545
278,/data/wyb/pneumoniamnist_imagefolder_subset/val/1/00188.png,1,class_1,0,class_0,0,class_0,0.6346349120140076,0.3653651475906372,0.26926976442337036
279,/data/wyb/pneumoniamnist_imagefolder_subset/val/1/00191.png,1,class_1,1,class_1,1,class_1,0.3127177357673645,0.6872822046279907,0.3745644688606262
280,/data/wyb/pneumoniamnist_imagefolder_subset/val/1/00194.png,1,class_1,1,class_1,1,class_1,0.3105071783065796,0.6894928216934204,0.3789856433868408
281,/data/wyb/pneumoniamnist_imagefolder_subset/val/1/00195.png,1,class_1,1,class_1,1,class_1,0.3118913471698761,0.6881086230278015,0.3762172758579254
282,/data/wyb/pneumoniamnist_imagefolder_subset/val/1/00196.png,1,class_1,1,class_1,1,class_1,0.31456542015075684,0.6854346394538879,0.3708692193031311
283,/data/wyb/pneumoniamnist_imagefolder_subset/val/1/00197.png,1,class_1,1,class_1,1,class_1,0.3139747083187103,0.6860253214836121,0.37205061316490173
284,/data/wyb/pneumoniamnist_imagefolder_subset/val/1/00200.png,1,class_1,1,class_1,1,class_1,0.3554001450538635,0.6445997953414917,0.2891996502876282
285,/data/wyb/pneumoniamnist_imagefolder_subset/val/1/00206.png,1,class_1,0,class_0,0,class_0,0.6020347476005554,0.3979652225971222,0.20406952500343323
286,/data/wyb/pneumoniamnist_imagefolder_subset/val/1/00207.png,1,class_1,1,class_1,1,class_1,0.3258891701698303,0.6741108298301697,0.34822165966033936
287,/data/wyb/pneumoniamnist_imagefolder_subset/val/1/00208.png,1,class_1,1,class_1,1,class_1,0.3080118000507355,0.6919881701469421,0.38397637009620667
288,/data/wyb/pneumoniamnist_imagefolder_subset/val/1/00209.png,1,class_1,1,class_1,0,class_0,0.4668349325656891,0.5331651568412781,0.06633022427558899
289,/data/wyb/pneumoniamnist_imagefolder_subset/val/1/00211.png,1,class_1,1,class_1,1,class_1,0.31642821431159973,0.6835717558860779,0.36714354157447815
290,/data/wyb/pneumoniamnist_imagefolder_subset/val/1/00212.png,1,class_1,1,class_1,1,class_1,0.31423109769821167,0.6857689023017883,0.37153780460357666
291,/data/wyb/pneumoniamnist_imagefolder_subset/val/1/00213.png,1,class_1,1,class_1,1,class_1,0.3153608739376068,0.6846391558647156,0.36927828192710876
292,/data/wyb/pneumoniamnist_imagefolder_subset/val/1/00214.png,1,class_1,1,class_1,1,class_1,0.3228553533554077,0.6771447062492371,0.35428935289382935
293,/data/wyb/pneumoniamnist_imagefolder_subset/val/1/00216.png,1,class_1,1,class_1,1,class_1,0.37527918815612793,0.6247208118438721,0.24944162368774414
294,/data/wyb/pneumoniamnist_imagefolder_subset/val/1/00218.png,1,class_1,1,class_1,1,class_1,0.3357478380203247,0.6642521619796753,0.3285043239593506
295,/data/wyb/pneumoniamnist_imagefolder_subset/val/1/00221.png,1,class_1,1,class_1,1,class_1,0.3278052806854248,0.6721947193145752,0.3443894386291504
296,/data/wyb/pneumoniamnist_imagefolder_subset/val/1/00222.png,1,class_1,0,class_0,0,class_0,0.5765687823295593,0.42343124747276306,0.15313753485679626
297,/data/wyb/pneumoniamnist_imagefolder_subset/val/1/00224.png,1,class_1,1,class_1,1,class_1,0.3526023328304291,0.6473976373672485,0.29479530453681946
298,/data/wyb/pneumoniamnist_imagefolder_subset/val/1/00225.png,1,class_1,1,class_1,1,class_1,0.3244415819644928,0.6755583882331848,0.351116806268692
299,/data/wyb/pneumoniamnist_imagefolder_subset/val/1/00228.png,1,class_1,1,class_1,1,class_1,0.3891616761684418,0.6108383536338806,0.22167667746543884
300,/data/wyb/pneumoniamnist_imagefolder_subset/val/1/00229.png,1,class_1,1,class_1,1,class_1,0.3223285377025604,0.677671492099762,0.35534295439720154
301,/data/wyb/pneumoniamnist_imagefolder_subset/val/1/00230.png,1,class_1,1,class_1,1,class_1,0.32068121433258057,0.6793188452720642,0.35863763093948364
302,/data/wyb/pneumoniamnist_imagefolder_subset/val/1/00231.png,1,class_1,1,class_1,0,class_0,0.464946985244751,0.535053014755249,0.07010602951049805
303,/data/wyb/pneumoniamnist_imagefolder_subset/val/1/00232.png,1,class_1,1,class_1,1,class_1,0.31294769048690796,0.6870522499084473,0.3741045594215393
304,/data/wyb/pneumoniamnist_imagefolder_subset/val/1/00234.png,1,class_1,1,class_1,1,class_1,0.316571444272995,0.6834285855293274,0.3668571412563324
305,/data/wyb/pneumoniamnist_imagefolder_subset/val/1/00236.png,1,class_1,1,class_1,1,class_1,0.3707629442214966,0.6292370557785034,0.25847411155700684
306,/data/wyb/pneumoniamnist_imagefolder_subset/val/1/00238.png,1,class_1,1,class_1,1,class_1,0.30728527903556824,0.6927147507667542,0.3854294717311859
307,/data/wyb/pneumoniamnist_imagefolder_subset/val/1/00239.png,1,class_1,1,class_1,1,class_1,0.31979459524154663,0.6802054047584534,0.36041080951690674
308,/data/wyb/pneumoniamnist_imagefolder_subset/val/1/00240.png,1,class_1,1,class_1,1,class_1,0.31246525049209595,0.687534749507904,0.3750694990158081
309,/data/wyb/pneumoniamnist_imagefolder_subset/val/1/00241.png,1,class_1,1,class_1,1,class_1,0.3151944577693939,0.6848055720329285,0.36961111426353455
310,/data/wyb/pneumoniamnist_imagefolder_subset/val/1/00242.png,1,class_1,1,class_1,1,class_1,0.3159005045890808,0.6840994954109192,0.3681989908218384
311,/data/wyb/pneumoniamnist_imagefolder_subset/val/1/00243.png,1,class_1,1,class_1,1,class_1,0.339052677154541,0.660947322845459,0.32189464569091797
312,/data/wyb/pneumoniamnist_imagefolder_subset/val/1/00244.png,1,class_1,1,class_1,1,class_1,0.32134148478507996,0.6786585450172424,0.3573170602321625
313,/data/wyb/pneumoniamnist_imagefolder_subset/val/1/00245.png,1,class_1,1,class_1,1,class_1,0.3242917060852051,0.6757082939147949,0.35141658782958984
314,/data/wyb/pneumoniamnist_imagefolder_subset/val/1/00246.png,1,class_1,1,class_1,1,class_1,0.31948816776275635,0.6805118322372437,0.3610236644744873
315,/data/wyb/pneumoniamnist_imagefolder_subset/val/1/00247.png,1,class_1,1,class_1,1,class_1,0.3091345727443695,0.6908653974533081,0.3817308247089386
316,/data/wyb/pneumoniamnist_imagefolder_subset/val/1/00249.png,1,class_1,1,class_1,1,class_1,0.3059352934360504,0.694064736366272,0.38812944293022156
317,/data/wyb/pneumoniamnist_imagefolder_subset/val/1/00250.png,1,class_1,1,class_1,1,class_1,0.3089047968387604,0.691095232963562,0.38219043612480164
318,/data/wyb/pneumoniamnist_imagefolder_subset/val/1/00253.png,1,class_1,1,class_1,1,class_1,0.39348599314689636,0.606514036655426,0.21302804350852966
319,/data/wyb/pneumoniamnist_imagefolder_subset/val/1/00255.png,1,class_1,1,class_1,1,class_1,0.3387114107608795,0.6612885594367981,0.3225771486759186
320,/data/wyb/pneumoniamnist_imagefolder_subset/val/1/00256.png,1,class_1,1,class_1,1,class_1,0.32137617468833923,0.6786237955093384,0.35724762082099915
321,/data/wyb/pneumoniamnist_imagefolder_subset/val/1/00257.png,1,class_1,1,class_1,1,class_1,0.3185814619064331,0.6814185380935669,0.3628370761871338
322,/data/wyb/pneumoniamnist_imagefolder_subset/val/1/00258.png,1,class_1,1,class_1,1,class_1,0.30969417095184326,0.6903058886528015,0.38061171770095825
323,/data/wyb/pneumoniamnist_imagefolder_subset/val/1/00260.png,1,class_1,1,class_1,1,class_1,0.319235622882843,0.680764377117157,0.36152875423431396
324,/data/wyb/pneumoniamnist_imagefolder_subset/val/1/00261.png,1,class_1,1,class_1,1,class_1,0.3297528028488159,0.6702472567558289,0.34049445390701294
325,/data/wyb/pneumoniamnist_imagefolder_subset/val/1/00262.png,1,class_1,1,class_1,1,class_1,0.31208279728889465,0.687917172908783,0.3758343756198883
326,/data/wyb/pneumoniamnist_imagefolder_subset/val/1/00263.png,1,class_1,1,class_1,1,class_1,0.3080824911594391,0.6919175386428833,0.3838350474834442
327,/data/wyb/pneumoniamnist_imagefolder_subset/val/1/00264.png,1,class_1,1,class_1,1,class_1,0.31199976801872253,0.6880002617835999,0.3760004937648773
328,/data/wyb/pneumoniamnist_imagefolder_subset/val/1/00265.png,1,class_1,1,class_1,1,class_1,0.32776308059692383,0.6722369194030762,0.34447383880615234
329,/data/wyb/pneumoniamnist_imagefolder_subset/val/1/00266.png,1,class_1,1,class_1,1,class_1,0.3441462218761444,0.655853807926178,0.31170758605003357
330,/data/wyb/pneumoniamnist_imagefolder_subset/val/1/00267.png,1,class_1,1,class_1,1,class_1,0.31420207023620605,0.685797929763794,0.3715958595275879
331,/data/wyb/pneumoniamnist_imagefolder_subset/val/1/00268.png,1,class_1,1,class_1,1,class_1,0.3094724416732788,0.690527617931366,0.38105517625808716
332,/data/wyb/pneumoniamnist_imagefolder_subset/val/1/00269.png,1,class_1,1,class_1,1,class_1,0.3140365183353424,0.68596351146698,0.3719269931316376
333,/data/wyb/pneumoniamnist_imagefolder_subset/val/1/00270.png,1,class_1,1,class_1,1,class_1,0.31333640217781067,0.6866636276245117,0.37332722544670105
334,/data/wyb/pneumoniamnist_imagefolder_subset/val/1/00271.png,1,class_1,1,class_1,1,class_1,0.3336885869503021,0.6663113832473755,0.33262279629707336
335,/data/wyb/pneumoniamnist_imagefolder_subset/val/1/00272.png,1,class_1,1,class_1,1,class_1,0.31157171726226807,0.6884282827377319,0.37685656547546387
336,/data/wyb/pneumoniamnist_imagefolder_subset/val/1/00273.png,1,class_1,1,class_1,1,class_1,0.31588613986968994,0.6841138601303101,0.3682277202606201
337,/data/wyb/pneumoniamnist_imagefolder_subset/val/1/00274.png,1,class_1,0,class_0,0,class_0,0.563504159450531,0.4364958703517914,0.12700828909873962
338,/data/wyb/pneumoniamnist_imagefolder_subset/val/1/00275.png,1,class_1,1,class_1,1,class_1,0.33035656809806824,0.6696435213088989,0.3392869532108307
339,/data/wyb/pneumoniamnist_imagefolder_subset/val/1/00276.png,1,class_1,1,class_1,1,class_1,0.31230971217155457,0.6876903176307678,0.37538060545921326
340,/data/wyb/pneumoniamnist_imagefolder_subset/val/1/00277.png,1,class_1,1,class_1,1,class_1,0.33174923062324524,0.6682507395744324,0.33650150895118713
341,/data/wyb/pneumoniamnist_imagefolder_subset/val/1/00278.png,1,class_1,1,class_1,1,class_1,0.32000914216041565,0.6799908876419067,0.3599817454814911
342,/data/wyb/pneumoniamnist_imagefolder_subset/val/1/00279.png,1,class_1,1,class_1,1,class_1,0.30921557545661926,0.6907843947410583,0.3815688192844391
343,/data/wyb/pneumoniamnist_imagefolder_subset/val/1/00280.png,1,class_1,1,class_1,1,class_1,0.302197128534317,0.6978029012680054,0.39560577273368835
344,/data/wyb/pneumoniamnist_imagefolder_subset/val/1/00282.png,1,class_1,1,class_1,1,class_1,0.3230423033237457,0.6769577264785767,0.35391542315483093
345,/data/wyb/pneumoniamnist_imagefolder_subset/val/1/00283.png,1,class_1,1,class_1,1,class_1,0.33663299679756165,0.6633669137954712,0.32673391699790955
346,/data/wyb/pneumoniamnist_imagefolder_subset/val/1/00285.png,1,class_1,1,class_1,1,class_1,0.31440669298171997,0.6855932474136353,0.3711865544319153
347,/data/wyb/pneumoniamnist_imagefolder_subset/val/1/00286.png,1,class_1,1,class_1,1,class_1,0.3122127056121826,0.6877872943878174,0.37557458877563477
348,/data/wyb/pneumoniamnist_imagefolder_subset/val/1/00289.png,1,class_1,1,class_1,1,class_1,0.32320740818977356,0.6767926216125488,0.35358521342277527
349,/data/wyb/pneumoniamnist_imagefolder_subset/val/1/00290.png,1,class_1,1,class_1,1,class_1,0.3222143352031708,0.6777856349945068,0.35557129979133606
350,/data/wyb/pneumoniamnist_imagefolder_subset/val/1/00291.png,1,class_1,1,class_1,1,class_1,0.31086528301239014,0.6891347169876099,0.3782694339752197
351,/data/wyb/pneumoniamnist_imagefolder_subset/val/1/00292.png,1,class_1,1,class_1,1,class_1,0.3353163003921509,0.6646836996078491,0.32936739921569824
352,/data/wyb/pneumoniamnist_imagefolder_subset/val/1/00294.png,1,class_1,1,class_1,1,class_1,0.31144729256629944,0.6885526776313782,0.37710538506507874
353,/data/wyb/pneumoniamnist_imagefolder_subset/val/1/00297.png,1,class_1,1,class_1,1,class_1,0.31132709980010986,0.6886729598045349,0.37734586000442505
354,/data/wyb/pneumoniamnist_imagefolder_subset/val/1/00300.png,1,class_1,1,class_1,1,class_1,0.3087661564350128,0.6912338733673096,0.38246771693229675
355,/data/wyb/pneumoniamnist_imagefolder_subset/val/1/00301.png,1,class_1,1,class_1,1,class_1,0.3082089126110077,0.6917910575866699,0.38358214497566223
356,/data/wyb/pneumoniamnist_imagefolder_subset/val/1/00302.png,1,class_1,1,class_1,1,class_1,0.30911293625831604,0.6908870935440063,0.3817741572856903
357,/data/wyb/pneumoniamnist_imagefolder_subset/val/1/00303.png,1,class_1,1,class_1,1,class_1,0.32133105397224426,0.6786689162254333,0.3573378622531891
358,/data/wyb/pneumoniamnist_imagefolder_subset/val/1/00304.png,1,class_1,1,class_1,1,class_1,0.34525632858276367,0.6547437310218811,0.30948740243911743
359,/data/wyb/pneumoniamnist_imagefolder_subset/val/1/00305.png,1,class_1,0,class_0,0,class_0,0.5482168793678284,0.45178312063217163,0.09643375873565674
360,/data/wyb/pneumoniamnist_imagefolder_subset/val/1/00306.png,1,class_1,1,class_1,1,class_1,0.3132803738117218,0.6867196559906006,0.3734392821788788
361,/data/wyb/pneumoniamnist_imagefolder_subset/val/1/00307.png,1,class_1,1,class_1,1,class_1,0.34689292311668396,0.6531071066856384,0.30621418356895447
362,/data/wyb/pneumoniamnist_imagefolder_subset/val/1/00308.png,1,class_1,1,class_1,1,class_1,0.31164687871932983,0.6883530616760254,0.37670618295669556
363,/data/wyb/pneumoniamnist_imagefolder_subset/val/1/00309.png,1,class_1,1,class_1,1,class_1,0.3090895414352417,0.6909104585647583,0.3818209171295166
364,/data/wyb/pneumoniamnist_imagefolder_subset/val/1/00310.png,1,class_1,1,class_1,1,class_1,0.3045697510242462,0.6954302787780762,0.39086052775382996
365,/data/wyb/pneumoniamnist_imagefolder_subset/val/1/00313.png,1,class_1,1,class_1,1,class_1,0.32724303007125854,0.6727569699287415,0.3455139398574829
366,/data/wyb/pneumoniamnist_imagefolder_subset/val/1/00314.png,1,class_1,1,class_1,1,class_1,0.3079898953437805,0.6920101642608643,0.38402026891708374
367,/data/wyb/pneumoniamnist_imagefolder_subset/val/1/00315.png,1,class_1,0,class_0,0,class_0,0.6341150403022766,0.365884929895401,0.2682301104068756
368,/data/wyb/pneumoniamnist_imagefolder_subset/val/1/00316.png,1,class_1,1,class_1,0,class_0,0.41633641719818115,0.5836635828018188,0.1673271656036377
369,/data/wyb/pneumoniamnist_imagefolder_subset/val/1/00317.png,1,class_1,1,class_1,1,class_1,0.31915315985679626,0.6808468103408813,0.3616936504840851
370,/data/wyb/pneumoniamnist_imagefolder_subset/val/1/00318.png,1,class_1,1,class_1,1,class_1,0.3889656960964203,0.6110342144966125,0.22206851840019226
371,/data/wyb/pneumoniamnist_imagefolder_subset/val/1/00319.png,1,class_1,0,class_0,0,class_0,0.6074357032775879,0.3925642669200897,0.21487143635749817
372,/data/wyb/pneumoniamnist_imagefolder_subset/val/1/00320.png,1,class_1,1,class_1,1,class_1,0.3147830069065094,0.6852169632911682,0.3704339563846588
373,/data/wyb/pneumoniamnist_imagefolder_subset/val/1/00321.png,1,class_1,1,class_1,1,class_1,0.3097284138202667,0.6902715563774109,0.38054314255714417
374,/data/wyb/pneumoniamnist_imagefolder_subset/val/1/00322.png,1,class_1,1,class_1,1,class_1,0.33292773365974426,0.6670723557472229,0.33414462208747864
375,/data/wyb/pneumoniamnist_imagefolder_subset/val/1/00323.png,1,class_1,1,class_1,1,class_1,0.2968779504299164,0.703122079372406,0.4062441289424896
376,/data/wyb/pneumoniamnist_imagefolder_subset/val/1/00324.png,1,class_1,1,class_1,1,class_1,0.3140917420387268,0.6859082579612732,0.3718165159225464
377,/data/wyb/pneumoniamnist_imagefolder_subset/val/1/00325.png,1,class_1,1,class_1,1,class_1,0.37269657850265503,0.6273034811019897,0.2546069025993347
378,/data/wyb/pneumoniamnist_imagefolder_subset/val/1/00327.png,1,class_1,1,class_1,1,class_1,0.35544610023498535,0.6445538997650146,0.2891077995300293
379,/data/wyb/pneumoniamnist_imagefolder_subset/val/1/00328.png,1,class_1,1,class_1,1,class_1,0.29446861147880554,0.7055313587188721,0.41106274724006653
380,/data/wyb/pneumoniamnist_imagefolder_subset/val/1/00330.png,1,class_1,1,class_1,1,class_1,0.3118875026702881,0.6881124973297119,0.37622499465942383
381,/data/wyb/pneumoniamnist_imagefolder_subset/val/1/00331.png,1,class_1,1,class_1,1,class_1,0.3097412586212158,0.690258800983429,0.38051754236221313
382,/data/wyb/pneumoniamnist_imagefolder_subset/val/1/00332.png,1,class_1,0,class_0,0,class_0,0.5389350652694702,0.46106502413749695,0.07787004113197327
383,/data/wyb/pneumoniamnist_imagefolder_subset/val/1/00333.png,1,class_1,1,class_1,1,class_1,0.381897896528244,0.6181021332740784,0.23620423674583435
384,/data/wyb/pneumoniamnist_imagefolder_subset/val/1/00337.png,1,class_1,1,class_1,1,class_1,0.3152427673339844,0.6847572922706604,0.369514524936676
385,/data/wyb/pneumoniamnist_imagefolder_subset/val/1/00338.png,1,class_1,1,class_1,1,class_1,0.32101523876190186,0.6789847612380981,0.3579695224761963
386,/data/wyb/pneumoniamnist_imagefolder_subset/val/1/00339.png,1,class_1,1,class_1,1,class_1,0.3111841380596161,0.6888158321380615,0.37763169407844543
387,/data/wyb/pneumoniamnist_imagefolder_subset/val/1/00341.png,1,class_1,1,class_1,1,class_1,0.30841127038002014,0.6915886998176575,0.38317742943763733
388,/data/wyb/pneumoniamnist_imagefolder_subset/val/1/00342.png,1,class_1,1,class_1,1,class_1,0.35004350543022156,0.649956464767456,0.2999129593372345
389,/data/wyb/pneumoniamnist_imagefolder_subset/val/1/00343.png,1,class_1,1,class_1,1,class_1,0.3097326159477234,0.6902673840522766,0.3805347681045532
390,/data/wyb/pneumoniamnist_imagefolder_subset/val/1/00344.png,1,class_1,1,class_1,1,class_1,0.3374466001987457,0.6625534296035767,0.32510682940483093
391,/data/wyb/pneumoniamnist_imagefolder_subset/val/1/00345.png,1,class_1,1,class_1,1,class_1,0.3135053217411041,0.6864947080612183,0.37298938632011414
392,/data/wyb/pneumoniamnist_imagefolder_subset/val/1/00346.png,1,class_1,1,class_1,1,class_1,0.33184486627578735,0.6681551933288574,0.33631032705307007
393,/data/wyb/pneumoniamnist_imagefolder_subset/val/1/00347.png,1,class_1,1,class_1,1,class_1,0.3120032250881195,0.6879968047142029,0.3759935796260834
394,/data/wyb/pneumoniamnist_imagefolder_subset/val/1/00348.png,1,class_1,1,class_1,1,class_1,0.3155005872249603,0.6844993829727173,0.36899879574775696
395,/data/wyb/pneumoniamnist_imagefolder_subset/val/1/00350.png,1,class_1,1,class_1,1,class_1,0.3242630064487457,0.6757370233535767,0.35147401690483093
396,/data/wyb/pneumoniamnist_imagefolder_subset/val/1/00351.png,1,class_1,1,class_1,1,class_1,0.31226956844329834,0.6877304315567017,0.3754608631134033
397,/data/wyb/pneumoniamnist_imagefolder_subset/val/1/00352.png,1,class_1,1,class_1,1,class_1,0.30872780084609985,0.6912722587585449,0.38254445791244507
398,/data/wyb/pneumoniamnist_imagefolder_subset/val/1/00355.png,1,class_1,1,class_1,1,class_1,0.3095274567604065,0.6904726028442383,0.3809451460838318
399,/data/wyb/pneumoniamnist_imagefolder_subset/val/1/00356.png,1,class_1,1,class_1,1,class_1,0.3278181254863739,0.6721819043159485,0.3443637788295746
400,/data/wyb/pneumoniamnist_imagefolder_subset/val/1/00357.png,1,class_1,1,class_1,1,class_1,0.3292665481567383,0.6707333922386169,0.34146684408187866
401,/data/wyb/pneumoniamnist_imagefolder_subset/val/1/00359.png,1,class_1,1,class_1,1,class_1,0.3243301510810852,0.6756698489189148,0.3513396978378296
402,/data/wyb/pneumoniamnist_imagefolder_subset/val/1/00361.png,1,class_1,1,class_1,1,class_1,0.3645695149898529,0.6354303956031799,0.270860880613327
403,/data/wyb/pneumoniamnist_imagefolder_subset/val/1/00362.png,1,class_1,1,class_1,1,class_1,0.3234066665172577,0.6765933036804199,0.35318663716316223
404,/data/wyb/pneumoniamnist_imagefolder_subset/val/1/00363.png,1,class_1,1,class_1,1,class_1,0.31478211283683777,0.6852179169654846,0.37043580412864685
405,/data/wyb/pneumoniamnist_imagefolder_subset/val/1/00364.png,1,class_1,1,class_1,1,class_1,0.31267377734184265,0.6873262524604797,0.3746524751186371
406,/data/wyb/pneumoniamnist_imagefolder_subset/val/1/00367.png,1,class_1,1,class_1,1,class_1,0.3115094304084778,0.6884905695915222,0.37698113918304443
407,/data/wyb/pneumoniamnist_imagefolder_subset/val/1/00368.png,1,class_1,1,class_1,1,class_1,0.32509109377861023,0.6749088168144226,0.3498177230358124
408,/data/wyb/pneumoniamnist_imagefolder_subset/val/1/00369.png,1,class_1,1,class_1,1,class_1,0.32390978932380676,0.6760901808738708,0.3521803915500641
409,/data/wyb/pneumoniamnist_imagefolder_subset/val/1/00370.png,1,class_1,1,class_1,1,class_1,0.3120346665382385,0.6879653930664062,0.3759307265281677
410,/data/wyb/pneumoniamnist_imagefolder_subset/val/1/00371.png,1,class_1,1,class_1,1,class_1,0.31462928652763367,0.685370683670044,0.3707413971424103
411,/data/wyb/pneumoniamnist_imagefolder_subset/val/1/00372.png,1,class_1,1,class_1,1,class_1,0.3096080720424652,0.6903918981552124,0.3807838261127472
412,/data/wyb/pneumoniamnist_imagefolder_subset/val/1/00373.png,1,class_1,1,class_1,1,class_1,0.3408140242099762,0.6591859459877014,0.3183719217777252
413,/data/wyb/pneumoniamnist_imagefolder_subset/val/1/00374.png,1,class_1,1,class_1,1,class_1,0.33635231852531433,0.6636477112770081,0.3272953927516937
414,/data/wyb/pneumoniamnist_imagefolder_subset/val/1/00375.png,1,class_1,1,class_1,1,class_1,0.3076283633708954,0.6923716068267822,0.38474324345588684
415,/data/wyb/pneumoniamnist_imagefolder_subset/val/1/00376.png,1,class_1,1,class_1,1,class_1,0.3249792456626892,0.6750207543373108,0.3500415086746216
416,/data/wyb/pneumoniamnist_imagefolder_subset/val/1/00377.png,1,class_1,1,class_1,1,class_1,0.316163033246994,0.6838369965553284,0.36767396330833435
417,/data/wyb/pneumoniamnist_imagefolder_subset/val/1/00379.png,1,class_1,1,class_1,1,class_1,0.31635066866874695,0.6836493611335754,0.3672986924648285
418,/data/wyb/pneumoniamnist_imagefolder_subset/val/1/00380.png,1,class_1,1,class_1,1,class_1,0.3196668326854706,0.6803331971168518,0.3606663644313812
419,/data/wyb/pneumoniamnist_imagefolder_subset/val/1/00381.png,1,class_1,1,class_1,1,class_1,0.3287697434425354,0.6712302565574646,0.3424605131149292
420,/data/wyb/pneumoniamnist_imagefolder_subset/val/1/00384.png,1,class_1,1,class_1,1,class_1,0.33231401443481445,0.6676859259605408,0.3353719115257263
421,/data/wyb/pneumoniamnist_imagefolder_subset/val/1/00385.png,1,class_1,0,class_0,0,class_0,0.5289778709411621,0.47102218866348267,0.05795568227767944
422,/data/wyb/pneumoniamnist_imagefolder_subset/val/1/00386.png,1,class_1,0,class_0,0,class_0,0.5527800917625427,0.4472198784351349,0.10556021332740784
423,/data/wyb/pneumoniamnist_imagefolder_subset/val/1/00387.png,1,class_1,1,class_1,1,class_1,0.31910863518714905,0.6808913350105286,0.3617826998233795
424,/data/wyb/pneumoniamnist_imagefolder_subset/val/1/00389.png,1,class_1,1,class_1,1,class_1,0.310053288936615,0.689946711063385,0.37989342212677
425,/data/wyb/pneumoniamnist_imagefolder_subset/val/1/00390.png,1,class_1,1,class_1,1,class_1,0.3151843547821045,0.6848156452178955,0.369631290435791
426,/data/wyb/pneumoniamnist_imagefolder_subset/val/1/00391.png,1,class_1,1,class_1,1,class_1,0.3131817579269409,0.6868182420730591,0.37363648414611816
427,/data/wyb/pneumoniamnist_imagefolder_subset/val/1/00393.png,1,class_1,1,class_1,1,class_1,0.30187639594078064,0.6981236338615417,0.3962472379207611
428,/data/wyb/pneumoniamnist_imagefolder_subset/val/1/00394.png,1,class_1,1,class_1,1,class_1,0.32196375727653503,0.6780361533164978,0.35607239603996277
429,/data/wyb/pneumoniamnist_imagefolder_subset/val/1/00396.png,1,class_1,1,class_1,0,class_0,0.4125223457813263,0.5874776840209961,0.1749553382396698
430,/data/wyb/pneumoniamnist_imagefolder_subset/val/1/00397.png,1,class_1,1,class_1,1,class_1,0.30874449014663696,0.691255509853363,0.3825110197067261
431,/data/wyb/pneumoniamnist_imagefolder_subset/val/1/00398.png,1,class_1,1,class_1,1,class_1,0.3282267153263092,0.6717733144760132,0.343546599149704
432,/data/wyb/pneumoniamnist_imagefolder_subset/val/1/00399.png,1,class_1,1,class_1,1,class_1,0.3117455542087555,0.6882544159889221,0.3765088617801666
433,/data/wyb/pneumoniamnist_imagefolder_subset/val/1/00400.png,1,class_1,1,class_1,1,class_1,0.3119277358055115,0.6880723237991333,0.3761445879936218
434,/data/wyb/pneumoniamnist_imagefolder_subset/val/1/00401.png,1,class_1,1,class_1,1,class_1,0.3368050158023834,0.663195013999939,0.32638999819755554
435,/data/wyb/pneumoniamnist_imagefolder_subset/val/1/00402.png,1,class_1,1,class_1,1,class_1,0.31477686762809753,0.6852231025695801,0.37044623494148254
436,/data/wyb/pneumoniamnist_imagefolder_subset/val/1/00404.png,1,class_1,1,class_1,1,class_1,0.30996280908584595,0.6900372505187988,0.3800744414329529
437,/data/wyb/pneumoniamnist_imagefolder_subset/val/1/00405.png,1,class_1,1,class_1,1,class_1,0.3229730725288391,0.6770269870758057,0.35405391454696655
438,/data/wyb/pneumoniamnist_imagefolder_subset/val/1/00407.png,1,class_1,1,class_1,1,class_1,0.32720524072647095,0.672794759273529,0.3455895185470581
439,/data/wyb/pneumoniamnist_imagefolder_subset/val/1/00408.png,1,class_1,0,class_0,0,class_0,0.5800513029098511,0.4199486970901489,0.16010260581970215
440,/data/wyb/pneumoniamnist_imagefolder_subset/val/1/00410.png,1,class_1,1,class_1,1,class_1,0.3157224655151367,0.6842775344848633,0.36855506896972656
441,/data/wyb/pneumoniamnist_imagefolder_subset/val/1/00412.png,1,class_1,1,class_1,1,class_1,0.33106404542922974,0.6689359545707703,0.3378719091415405
442,/data/wyb/pneumoniamnist_imagefolder_subset/val/1/00413.png,1,class_1,1,class_1,1,class_1,0.3082675039768219,0.6917324662208557,0.3834649622440338
443,/data/wyb/pneumoniamnist_imagefolder_subset/val/1/00414.png,1,class_1,1,class_1,1,class_1,0.3155035376548767,0.6844965219497681,0.36899298429489136
444,/data/wyb/pneumoniamnist_imagefolder_subset/val/1/00415.png,1,class_1,1,class_1,1,class_1,0.31297567486763,0.6870242953300476,0.3740486204624176
445,/data/wyb/pneumoniamnist_imagefolder_subset/val/1/00418.png,1,class_1,1,class_1,1,class_1,0.31013697385787964,0.6898630261421204,0.3797260522842407
446,/data/wyb/pneumoniamnist_imagefolder_subset/val/1/00419.png,1,class_1,1,class_1,1,class_1,0.33760467171669006,0.6623952984809875,0.3247906267642975
447,/data/wyb/pneumoniamnist_imagefolder_subset/val/1/00421.png,1,class_1,1,class_1,1,class_1,0.37466397881507874,0.6253359913825989,0.25067201256752014
448,/data/wyb/pneumoniamnist_imagefolder_subset/val/1/00422.png,1,class_1,1,class_1,1,class_1,0.31297487020492554,0.6870250701904297,0.37405019998550415
449,/data/wyb/pneumoniamnist_imagefolder_subset/val/1/00423.png,1,class_1,1,class_1,1,class_1,0.31963780522346497,0.6803621649742126,0.3607243597507477
450,/data/wyb/pneumoniamnist_imagefolder_subset/val/1/00425.png,1,class_1,1,class_1,1,class_1,0.32257410883903503,0.6774258613586426,0.35485175251960754
451,/data/wyb/pneumoniamnist_imagefolder_subset/val/1/00426.png,1,class_1,1,class_1,1,class_1,0.31032562255859375,0.6896743774414062,0.3793487548828125
452,/data/wyb/pneumoniamnist_imagefolder_subset/val/1/00427.png,1,class_1,1,class_1,1,class_1,0.3209317922592163,0.6790682077407837,0.3581364154815674
453,/data/wyb/pneumoniamnist_imagefolder_subset/val/1/00428.png,1,class_1,1,class_1,1,class_1,0.31567469239234924,0.6843252182006836,0.36865052580833435
454,/data/wyb/pneumoniamnist_imagefolder_subset/val/1/00430.png,1,class_1,1,class_1,0,class_0,0.4946339428424835,0.5053660273551941,0.010732084512710571
455,/data/wyb/pneumoniamnist_imagefolder_subset/val/1/00431.png,1,class_1,1,class_1,1,class_1,0.3322136104106903,0.6677864193916321,0.3355728089809418
456,/data/wyb/pneumoniamnist_imagefolder_subset/val/1/00432.png,1,class_1,1,class_1,1,class_1,0.3084335923194885,0.6915664076805115,0.38313281536102295
457,/data/wyb/pneumoniamnist_imagefolder_subset/val/1/00434.png,1,class_1,1,class_1,1,class_1,0.38871386647224426,0.6112861037254333,0.2225722372531891
458,/data/wyb/pneumoniamnist_imagefolder_subset/val/1/00435.png,1,class_1,1,class_1,1,class_1,0.3278730809688568,0.6721269488334656,0.34425386786460876
459,/data/wyb/pneumoniamnist_imagefolder_subset/val/1/00436.png,1,class_1,1,class_1,1,class_1,0.3143136203289032,0.6856864094734192,0.371372789144516
460,/data/wyb/pneumoniamnist_imagefolder_subset/val/1/00439.png,1,class_1,1,class_1,1,class_1,0.31988030672073364,0.6801196336746216,0.36023932695388794
461,/data/wyb/pneumoniamnist_imagefolder_subset/val/1/00440.png,1,class_1,1,class_1,1,class_1,0.30643215775489807,0.6935678124427795,0.38713565468788147
462,/data/wyb/pneumoniamnist_imagefolder_subset/val/1/00441.png,1,class_1,1,class_1,1,class_1,0.312203973531723,0.6877960562705994,0.37559208273887634
463,/data/wyb/pneumoniamnist_imagefolder_subset/val/1/00442.png,1,class_1,1,class_1,1,class_1,0.3135859966278076,0.6864140033721924,0.37282800674438477
464,/data/wyb/pneumoniamnist_imagefolder_subset/val/1/00443.png,1,class_1,1,class_1,1,class_1,0.31260159611701965,0.6873984336853027,0.3747968375682831
465,/data/wyb/pneumoniamnist_imagefolder_subset/val/1/00444.png,1,class_1,1,class_1,1,class_1,0.3295896649360657,0.6704103350639343,0.34082067012786865
466,/data/wyb/pneumoniamnist_imagefolder_subset/val/1/00445.png,1,class_1,0,class_0,0,class_0,0.614449679851532,0.385550320148468,0.22889935970306396
467,/data/wyb/pneumoniamnist_imagefolder_subset/val/1/00446.png,1,class_1,0,class_0,0,class_0,0.6001443266868591,0.39985567331314087,0.20028865337371826
468,/data/wyb/pneumoniamnist_imagefolder_subset/val/1/00447.png,1,class_1,1,class_1,1,class_1,0.3114686608314514,0.6885312795639038,0.3770626187324524
469,/data/wyb/pneumoniamnist_imagefolder_subset/val/1/00448.png,1,class_1,1,class_1,1,class_1,0.3189440667629242,0.6810559034347534,0.3621118366718292
470,/data/wyb/pneumoniamnist_imagefolder_subset/val/1/00449.png,1,class_1,1,class_1,1,class_1,0.31722304224967957,0.6827769875526428,0.36555394530296326
471,/data/wyb/pneumoniamnist_imagefolder_subset/val/1/00450.png,1,class_1,1,class_1,1,class_1,0.3116210103034973,0.6883789896965027,0.37675797939300537
472,/data/wyb/pneumoniamnist_imagefolder_subset/val/1/00451.png,1,class_1,1,class_1,1,class_1,0.32255205512046814,0.6774479150772095,0.35489585995674133
473,/data/wyb/pneumoniamnist_imagefolder_subset/val/1/00452.png,1,class_1,1,class_1,1,class_1,0.30618181824684143,0.6938180923461914,0.38763627409935
474,/data/wyb/pneumoniamnist_imagefolder_subset/val/1/00453.png,1,class_1,1,class_1,1,class_1,0.3133658468723297,0.6866341233253479,0.3732682764530182
475,/data/wyb/pneumoniamnist_imagefolder_subset/val/1/00457.png,1,class_1,1,class_1,1,class_1,0.31140831112861633,0.688591718673706,0.3771834075450897
476,/data/wyb/pneumoniamnist_imagefolder_subset/val/1/00458.png,1,class_1,1,class_1,1,class_1,0.3154432773590088,0.6845567226409912,0.3691134452819824
477,/data/wyb/pneumoniamnist_imagefolder_subset/val/1/00460.png,1,class_1,1,class_1,0,class_0,0.39697524905204773,0.6030247211456299,0.20604947209358215
478,/data/wyb/pneumoniamnist_imagefolder_subset/val/1/00461.png,1,class_1,1,class_1,1,class_1,0.3158785104751587,0.6841214895248413,0.3682429790496826
479,/data/wyb/pneumoniamnist_imagefolder_subset/val/1/00462.png,1,class_1,1,class_1,1,class_1,0.3236326575279236,0.6763673424720764,0.35273468494415283
480,/data/wyb/pneumoniamnist_imagefolder_subset/val/1/00464.png,1,class_1,1,class_1,1,class_1,0.35940882563591003,0.6405911445617676,0.28118231892585754
481,/data/wyb/pneumoniamnist_imagefolder_subset/val/1/00465.png,1,class_1,1,class_1,1,class_1,0.3196956217288971,0.6803043484687805,0.3606087267398834
482,/data/wyb/pneumoniamnist_imagefolder_subset/val/1/00466.png,1,class_1,1,class_1,1,class_1,0.30884939432144165,0.6911506056785583,0.3823012113571167
483,/data/wyb/pneumoniamnist_imagefolder_subset/val/1/00467.png,1,class_1,1,class_1,1,class_1,0.31558528542518616,0.6844146847724915,0.3688293993473053
484,/data/wyb/pneumoniamnist_imagefolder_subset/val/1/00468.png,1,class_1,1,class_1,1,class_1,0.32264649868011475,0.6773534417152405,0.35470694303512573
485,/data/wyb/pneumoniamnist_imagefolder_subset/val/1/00469.png,1,class_1,1,class_1,1,class_1,0.3207142651081085,0.6792857050895691,0.35857143998146057
486,/data/wyb/pneumoniamnist_imagefolder_subset/val/1/00470.png,1,class_1,1,class_1,1,class_1,0.30784091353416443,0.6921590566635132,0.38431814312934875
487,/data/wyb/pneumoniamnist_imagefolder_subset/val/1/00472.png,1,class_1,1,class_1,1,class_1,0.3216284513473511,0.6783715486526489,0.35674309730529785
488,/data/wyb/pneumoniamnist_imagefolder_subset/val/1/00473.png,1,class_1,1,class_1,1,class_1,0.328744113445282,0.671255886554718,0.34251177310943604
489,/data/wyb/pneumoniamnist_imagefolder_subset/val/1/00474.png,1,class_1,1,class_1,0,class_0,0.450248658657074,0.5497514009475708,0.09950274229049683
490,/data/wyb/pneumoniamnist_imagefolder_subset/val/1/00475.png,1,class_1,0,class_0,0,class_0,0.6430246233940125,0.35697537660598755,0.2860492467880249
491,/data/wyb/pneumoniamnist_imagefolder_subset/val/1/00477.png,1,class_1,1,class_1,1,class_1,0.3357219099998474,0.6642781496047974,0.32855623960494995
492,/data/wyb/pneumoniamnist_imagefolder_subset/val/1/00480.png,1,class_1,1,class_1,1,class_1,0.3352240025997162,0.6647759675979614,0.32955196499824524
493,/data/wyb/pneumoniamnist_imagefolder_subset/val/1/00481.png,1,class_1,1,class_1,1,class_1,0.3108872175216675,0.6891127824783325,0.37822556495666504
494,/data/wyb/pneumoniamnist_imagefolder_subset/val/1/00482.png,1,class_1,1,class_1,1,class_1,0.30781978368759155,0.6921802759170532,0.38436049222946167
495,/data/wyb/pneumoniamnist_imagefolder_subset/val/1/00485.png,1,class_1,1,class_1,1,class_1,0.3118576109409332,0.6881424188613892,0.37628480792045593
496,/data/wyb/pneumoniamnist_imagefolder_subset/val/1/00486.png,1,class_1,1,class_1,1,class_1,0.3137432634830475,0.6862567067146301,0.37251344323158264
497,/data/wyb/pneumoniamnist_imagefolder_subset/val/1/00487.png,1,class_1,1,class_1,1,class_1,0.3090391457080841,0.6909608840942383,0.3819217383861542
498,/data/wyb/pneumoniamnist_imagefolder_subset/val/1/00488.png,1,class_1,1,class_1,1,class_1,0.32843315601348877,0.6715668439865112,0.34313368797302246
499,/data/wyb/pneumoniamnist_imagefolder_subset/val/1/00489.png,1,class_1,1,class_1,1,class_1,0.3163967728614807,0.6836032271385193,0.3672064542770386
500,/data/wyb/pneumoniamnist_imagefolder_subset/val/1/00492.png,1,class_1,1,class_1,1,class_1,0.31232449412345886,0.6876754760742188,0.3753509819507599
501,/data/wyb/pneumoniamnist_imagefolder_subset/val/1/00493.png,1,class_1,1,class_1,1,class_1,0.34032440185546875,0.6596755981445312,0.3193511962890625
502,/data/wyb/pneumoniamnist_imagefolder_subset/val/1/00494.png,1,class_1,1,class_1,1,class_1,0.30886682868003845,0.6911331415176392,0.3822663128376007
503,/data/wyb/pneumoniamnist_imagefolder_subset/val/1/00495.png,1,class_1,1,class_1,1,class_1,0.3096987009048462,0.6903012990951538,0.3806025981903076
504,/data/wyb/pneumoniamnist_imagefolder_subset/val/1/00497.png,1,class_1,1,class_1,1,class_1,0.3116963505744934,0.6883035898208618,0.3766072392463684
505,/data/wyb/pneumoniamnist_imagefolder_subset/val/1/00499.png,1,class_1,1,class_1,1,class_1,0.3135143518447876,0.6864856481552124,0.3729712963104248
506,/data/wyb/pneumoniamnist_imagefolder_subset/val/1/00501.png,1,class_1,1,class_1,1,class_1,0.31036731600761414,0.6896327137947083,0.3792653977870941
507,/data/wyb/pneumoniamnist_imagefolder_subset/val/1/00503.png,1,class_1,1,class_1,1,class_1,0.3165740966796875,0.6834259033203125,0.366851806640625
508,/data/wyb/pneumoniamnist_imagefolder_subset/val/1/00504.png,1,class_1,1,class_1,1,class_1,0.3291001319885254,0.6708998680114746,0.3417997360229492
509,/data/wyb/pneumoniamnist_imagefolder_subset/val/1/00506.png,1,class_1,1,class_1,0,class_0,0.4388063848018646,0.561193585395813,0.12238720059394836
510,/data/wyb/pneumoniamnist_imagefolder_subset/val/1/00507.png,1,class_1,1,class_1,1,class_1,0.32013824582099915,0.6798617839813232,0.3597235381603241
511,/data/wyb/pneumoniamnist_imagefolder_subset/val/1/00508.png,1,class_1,1,class_1,1,class_1,0.31958574056625366,0.6804142594337463,0.3608285188674927
512,/data/wyb/pneumoniamnist_imagefolder_subset/val/1/00510.png,1,class_1,1,class_1,1,class_1,0.31874093413352966,0.6812590956687927,0.36251816153526306
513,/data/wyb/pneumoniamnist_imagefolder_subset/val/1/00511.png,1,class_1,1,class_1,1,class_1,0.311575323343277,0.6884247064590454,0.37684938311576843
514,/data/wyb/pneumoniamnist_imagefolder_subset/val/1/00512.png,1,class_1,1,class_1,1,class_1,0.37090858817100525,0.6290913820266724,0.2581827938556671
515,/data/wyb/pneumoniamnist_imagefolder_subset/val/1/00513.png,1,class_1,1,class_1,1,class_1,0.3053082823753357,0.6946917176246643,0.3893834352493286
516,/data/wyb/pneumoniamnist_imagefolder_subset/val/1/00514.png,1,class_1,1,class_1,1,class_1,0.324045330286026,0.6759546399116516,0.3519093096256256
517,/data/wyb/pneumoniamnist_imagefolder_subset/val/1/00515.png,1,class_1,1,class_1,1,class_1,0.32622843980789185,0.6737716197967529,0.3475431799888611
518,/data/wyb/pneumoniamnist_imagefolder_subset/val/1/00516.png,1,class_1,1,class_1,1,class_1,0.3204962909221649,0.6795037388801575,0.35900744795799255
519,/data/wyb/pneumoniamnist_imagefolder_subset/val/1/00517.png,1,class_1,1,class_1,1,class_1,0.3394905626773834,0.660509467124939,0.32101890444755554
520,/data/wyb/pneumoniamnist_imagefolder_subset/val/1/00518.png,1,class_1,1,class_1,1,class_1,0.3270144462585449,0.6729856133460999,0.34597116708755493
521,/data/wyb/pneumoniamnist_imagefolder_subset/val/1/00520.png,1,class_1,1,class_1,1,class_1,0.31189313530921936,0.6881068348884583,0.3762136995792389
522,/data/wyb/pneumoniamnist_imagefolder_subset/val/1/00521.png,1,class_1,1,class_1,1,class_1,0.32521823048591614,0.6747817397117615,0.34956350922584534
523,/data/wyb/pneumoniamnist_imagefolder_subset/val/1/00523.png,1,class_1,1,class_1,1,class_1,0.31914952397346497,0.6808505058288574,0.36170098185539246
